장비발생시간,출발지IP,목적지IP,목적지포트,공격명,raw_data
2019-03-13 10:05,203.246.171.140,139.150.87.138,80,SQL Injection, /world/tower/rank?cate=0&classCode=&serverKey=3
2019-03-13 10:12,203.246.171.140,139.150.87.138,80,SQL Injection, /wwc-bbs/article/read?_=dwso09vs&artSeq=the&ctgNo=T&ctgNo=icarus&searchText=1552434431767&searchType=1433327&svcId=14
2019-03-13 10:14,203.246.171.140,139.150.87.138,80,SQL Injection, /wwc-bbs/article/list?_=114&ctgNo=the&ctgNo=T&searchText=0&searchType=1552432819469&svcId=114
2019-03-13 10:14,203.246.171.140,139.150.87.138,80,SQL Injection, /world/tower/rank?cate=&classCode=tf&serverKey=1
2019-03-13 10:14,203.246.171.140,139.150.87.138,80,SQL Injection, /wwc-bbs/article/read?_=1552434432270&artSeq=1433327&ctgNo=
2019-03-13 9:03,203.246.171.140,139.150.87.138,80,SQL Injection," GET /wwc-bbs/article/read HTTP/1.1#015#012Referer: https://www.google.com/search?hl=en&q=testing#015#012User-Agent: Mozilla/5.0 (Windows NT 6.1; WOW64) AppleWebKit/537.21 (KHTML, like Gecko) Chrome/41.0.2228.0 Safari/537.21 @@kgsec-insight#015#012X-Forwarded-Host: 0#015#012Cookie: TIARA=Khbrx61ixwTvoG6ARD3gC-9Ty4rEJc9OHWtIcD3KmExe_LuCNcPTgCiOTvmK3FieSOOrY9MigS5nqQyEvaL1kpLNrWR67.HN; webid=2768c9caa1d24a74b8368276cfb6dc93; webid_sync=1552432348341; AGEN=07sE-NbWY0XgdDoRe35_HL7xuA2C1gTLGfJD17ddgFY; SLEVEL=1; _DGUNCV_=IYRw0GMKrJ6WhOH6M71-zU5gaIBf7YKO-nwxkL6afU20_5pqcdVDM8fjYp49J4XcGWw29dKZqoQ*; _ga=GA1.3.2089884205.1552375318; _gid=GA1.3.667454821.1552375318; TS=1552432323; HTS=dN1DXUWpIVqwAFbhzkkDhg00; HM_CU=5Bd4q3BYzif; PROF=0603012032024064024192UiQPJk7X-6w0mlxoempuua-O-jMB"
2019-03-13 9:03,203.246.171.140,139.150.87.138,80,SQL Injection," GET /world/tower/rank HTTP/1.1#015#012Referer: https://www.google.com/search?hl=en&q=testing#015#012User-Agent: Mozilla/5.0 (Windows NT 6.1; WOW64) AppleWebKit/537.21 (KHTML, like Gecko) Chrome/41.0.2228.0 Safari/537.21 @@kgsec-insight#015#012Cookie: TIARA=Khbrx61ixwTvoG6ARD3gC-9Ty4rEJc9OHWtIcD3KmExe_LuCNcPTgCiOTvmK3FieSOOrY9MigS5nqQyEvaL1kpLNrWR67.HN; webid=2768c9caa1d24a74b8368276cfb6dc93; webid_sync=1552432348341; AGEN=07sE-NbWY0XgdDoRe35_HL7xuA2C1gTLGfJD17ddgFY; SLEVEL=1; _DGUNCV_=IYRw0GMKrJ6WhOH6M71-zU5gaIBf7YKO-nwxkL6afU20_5pqcdVDM8fjYp49J4XcGWw29dKZqoQ*; _ga=GA1.3.2089884205.1552375318; _gid=GA1.3.6674"
2019-03-13 9:03,203.246.171.140,139.150.87.138,80,SQL Injection," GET /world/tower/rank HTTP/1.1#015#012Referer: https://www.google.com/search?hl=en&q=testing#015#012User-Agent: User-Agent: Mozilla/5.0 (Windows NT 6.1; WOW64) AppleWebKit/537.21 (KHTML, like Gecko) Chrome/41.0.2228.0 Safari/537.21#015#012Cookie: TIARA=Khbrx61ixwTvoG6ARD3gC-9Ty4rEJc9OHWtIcD3KmExe_LuCNcPTgCiOTvmK3FieSOOrY9MigS5nqQyEvaL1kpLNrWR67.HN; webid=2768c9caa1d24a74b8368276cfb6dc93; webid_sync=1552432348341; AGEN=07sE-NbWY0XgdDoRe35_HL7xuA2C1gTLGfJD17ddgFY; SLEVEL=1; _DGUNCV_=IYRw0GMKrJ6WhOH6M71-zU5gaIBf7YKO-nwxkL6afU20_5pqcdVDM8fjYp49J4XcGWw29dKZqoQ*; _ga=GA1.3.2089884205.1552375318; _gid=GA1.3.667454821.1552375318; TS=1552432323; HTS=dN1DXUWpIVqwAFbhzkkDhg00; HM_CU=5Bd4q3BYzif; PROF=0603012032024064024192UiQPJk7X-6w0mlxoempuua-O-jMB"
2019-03-13 9:03,203.246.171.140,139.150.87.138,80,SQL Injection, /wwc-bbs/article/read?_=1&artSeq=1433327&ctgNo=14
2019-03-13 9:31,203.246.171.140,139.150.87.138,80,SQL Injection, /wwc-bbs/article/list?_=&ctgNo=&ctgNo=T&searchText=icarus&searchType=1552432819469&svcId=114
2019-03-13 9:28,203.246.171.140,139.150.87.138,80,SQL Injection, /wemade-poll/poll/list?gameCode=icarus
2019-03-13 9:01,203.246.171.140,139.150.87.138,80,SQL Injection, id=1&memberid=%EC%95%84%EC%9D%B4%EB%94%94&memberpw=1&pw=1&pwTxt=%EB%B9%84%EB%B0%80%EB%B2%88%ED%98%B8&returnUrl=1
2019-03-13 9:14,203.246.171.140,139.150.87.138,80,SQL Injection," GET /wemade-poll/poll/list HTTP/1.1#015#012Referer: https://www.google.com/search?hl=en&q=testing#015#012User-Agent: User-Agent: Mozilla/5.0 (Windows NT 6.1; WOW64) AppleWebKit/537.21 (KHTML, like Gecko) Chrome/41.0.2228.0 Safari/537.21#015#012Cookie: TIARA=Khbrx61ixwTvoG6ARD3gC-9Ty4rEJc9OHWtIcD3KmExe_LuCNcPTgCiOTvmK3FieSOOrY9MigS5nqQyEvaL1kpLNrWR67.HN; webid=2768c9caa1d24a74b8368276cfb6dc93; webid_sync=1552432348341; AGEN=07sE-NbWY0XgdDoRe35_HL7xuA2C1gTLGfJD17ddgFY; SLEVEL=1; _DGUNCV_=IYRw0GMKrJ6WhOH6M71-zU5gaIBf7YKO-nwxkL6afU20_5pqcdVDM8fjYp49J4XcGWw29dKZqoQ*; _ga=GA1.3.2089884205.1552375318; _gid=GA1.3.667454821.1552375318; TS=1552432323; HTS=dN1DXUWpIVqwAFbhzkkDhg00; HM_CU=5Bd4q3BYzif; PROF=0603012032024064024192UiQPJk7X-6w0mlxoempuua-O-jMB"
2019-03-13 9:16,203.246.171.140,139.150.87.138,80,SQL Injection, /wwc-bbs/article/list?_=1552434432271&artType=&ctgNo=14&inner_list=1&searchText=&searchType=&svcId=icarus
2019-03-13 9:03,203.246.171.140,139.150.87.138,80,SQL Injection, /wwc-bbs/article/read?_=-1&artSeq=1433327&ctgNo=14
2019-03-13 9:03,203.246.171.140,139.150.87.138,80,SQL Injection, /wwc-bbs/article/list?_=-1&artType=&ctgNo=14&inner_list=1&searchText=&searchType=&svcId=icarus
2019-03-13 9:32,203.246.171.140,139.150.87.138,80,SQL Injection, /world/tower/rank?cate=0&classCode=1&serverKey=1
2019-03-13 9:37,203.246.171.140,139.150.87.138,80,SQL Injection, /wwc-bbs/article/list?_=114&ctgNo=0&ctgNo=T&searchText=icarus&searchType=1552432819469&svcId=114
2019-03-13 9:32,203.246.171.140,139.150.87.138,80,SQL Injection," GET / HTTP/1.1#015#012Referer: https://www.google.com/search?hl=en&q=testing#015#012User-Agent: Mozilla/5.0 (Windows NT 6.1; WOW64) AppleWebKit/537.21 (KHTML, like Gecko) Chrome/41.0.2228.0 Safari/537.21 @@kgsec-insight#015#012Cookie: TIARA=Khbrx61ixwTvoG6ARD3gC-9Ty4rEJc9OHWtIcD3KmExe_LuCNcPTgCiOTvmK3FieSOOrY9MigS5nqQyEvaL1kpLNrWR67.HN; webid=2768c9caa1d24a74b8368276cfb6dc93; webid_sync=1552432348341; AGEN=07sE-NbWY0XgdDoRe35_HL7xuA2C1gTLGfJD17ddgFY; SLEVEL=1; _DGUNCV_=IYRw0GMKrJ6WhOH6M71-zU5gaIBf7YKO-nwxkL6afU20_5pqcdVDM8fjYp49J4XcGWw29dKZqoQ*; _ga=GA1.3.2089884205.1552375318; _gid=GA1.3.667454821.1552375318; TS=1552432323; HTS=dN1DXUWpIVqwAFbhzkkDhg00; HM_CU=5Bd4q3BYzif; PROF=0603012032024064024192UiQPJk7X-6w0mlxoempuua-O-jMB"
2019-03-13 9:01,203.246.171.140,139.150.87.138,80,SQL Injection, id=1&memberid=%EC%95%84%EC%9D%B4%EB%94%94&memberpw=1&pw=1&pwTxt=%EB%B9%84%EB%B0%80%EB%B2%88%ED%98%B8&returnUrl=1
2019-03-13 9:00,203.246.171.140,139.150.87.138,80,SQL Injection, id=1&memberid=%EC%95%84%EC%9D%B4%EB%94%94&memberpw=1&pw=1&pwTxt=%EB%B9%84%EB%B0%80%EB%B2%88%ED%98%B8&returnUrl=1
2019-03-13 9:28,203.246.171.140,139.150.87.138,80,SQL Injection, /wemade-poll/poll/list?gameCode=0
2019-03-13 9:14,203.246.171.140,139.150.87.138,80,SQL Injection," GET /wemade-poll/poll/list HTTP/1.1#015#012Referer: https://www.google.com/search?hl=en&q=testing#015#012User-Agent: Mozilla/5.0 (Windows NT 6.1; WOW64) AppleWebKit/537.21 (KHTML, like Gecko) Chrome/41.0.2228.0 Safari/537.21 @@kgsec-insight#015#012X-Forwarded-For: 0#015#012Cookie: TIARA=Khbrx61ixwTvoG6ARD3gC-9Ty4rEJc9OHWtIcD3KmExe_LuCNcPTgCiOTvmK3FieSOOrY9MigS5nqQyEvaL1kpLNrWR67.HN; webid=2768c9caa1d24a74b8368276cfb6dc93; webid_sync=1552432348341; AGEN=07sE-NbWY0XgdDoRe35_HL7xuA2C1gTLGfJD17ddgFY; SLEVEL=1; _DGUNCV_=IYRw0GMKrJ6WhOH6M71-zU5gaIBf7YKO-nwxkL6afU20_5pqcdVDM8fjYp49J4XcGWw29dKZqoQ*; _ga=GA1.3.2089884205.1552375318; _gid=GA1.3.667454821.1552375318; TS=1552432323; HTS=dN1DXUWpIVqwAFbhzkkDhg00; HM_CU=5Bd4q3BYzif; PROF=0603012032024064024192UiQPJk7X-6w0mlxoempuua-O-jMB"
2019-03-13 9:15,203.246.171.140,139.150.87.138,80,SQL Injection, /wwc-bbs/article/read?ctgNo=0&searchText=e&searchType=T&svcId=icarus
2019-03-13 9:32,203.246.171.140,139.150.87.138,80,SQL Injection," GET / HTTP/1.1#015#012Referer: https://www.google.com/search?hl=en&q=testing#015#012User-Agent: Mozilla/5.0 (Windows NT 6.1; WOW64) AppleWebKit/537.21 (KHTML, like Gecko) Chrome/41.0.2228.0 Safari/537.21 @@kgsec-insight#015#012Via: 1 #015#012Cookie: TIARA=Khbrx61ixwTvoG6ARD3gC-9Ty4rEJc9OHWtIcD3KmExe_LuCNcPTgCiOTvmK3FieSOOrY9MigS5nqQyEvaL1kpLNrWR67.HN; webid=2768c9caa1d24a74b8368276cfb6dc93; webid_sync=1552432348341; AGEN=07sE-NbWY0XgdDoRe35_HL7xuA2C1gTLGfJD17ddgFY; SLEVEL=1; _DGUNCV_=IYRw0GMKrJ6WhOH6M71-zU5gaIBf7YKO-nwxkL6afU20_5pqcdVDM8fjYp49J4XcGWw29dKZqoQ*; _ga=GA1.3.2089884205.1552375318; _gid=GA1.3.667454821.1552375318; TS=1552432323; HTS=dN1DXUWpIVqwAFbhzkkDhg00; HM_CU=5Bd4q3BYzif; PROF=0603012032024064024192UiQPJk7X-6w0mlxoempuua-O-jMB"
2019-03-13 9:23,203.246.171.140,139.150.87.138,80,SQL Injection," GET /wwc-bbs/article/list HTTP/1.1#015#012Referer: https://www.google.com/search?hl=en&q=testing#015#012User-Agent: Mozilla/5.0 (Windows NT 6.1; WOW64) AppleWebKit/537.21 (KHTML, like Gecko) Chrome/41.0.2228.0 Safari/537.21 @@kgsec-insight#015#012Cookie: TIARA=Khbrx61ixwTvoG6ARD3gC-9Ty4rEJc9OHWtIcD3KmExe_LuCNcPTgCiOTvmK3FieSOOrY9MigS5nqQyEvaL1kpLNrWR67.HN; webid=2768c9caa1d24a74b8368276cfb6dc93; webid_sync=1552432348341; AGEN=07sE-NbWY0XgdDoRe35_HL7xuA2C1gTLGfJD17ddgFY; SLEVEL=1; _DGUNCV_=IYRw0GMKrJ6WhOH6M71-zU5gaIBf7YKO-nwxkL6afU20_5pqcdVDM8fjYp49J4XcGWw29dKZqoQ*; _ga=GA1.3.2089884205.1552375318; _gid=GA1.3.667454821.1552375318; TS=1552432323; HTS=dN1DXUWpIVqwAFbhzkkDhg00; HM_CU=5Bd4q3BYzif; PROF=0603012032024064024192UiQPJk7X-6w0mlxoempuua-O-jMB"
2019-03-13 9:24,203.246.171.140,139.150.87.138,80,SQL Injection," GET /wwc-bbs/article/list HTTP/1.1#015#012Referer: https://www.google.com/search?hl=en&q=testing#015#012User-Agent: Mozilla/5.0 (Windows NT 6.1; WOW64) AppleWebKit/537.21 (KHTML, like Gecko) Chrome/41.0.2228.0 Safari/537.21 @@kgsec-insight#015#012Cookie: TIARA=Khbrx61ixwTvoG6ARD3gC-9Ty4rEJc9OHWtIcD3KmExe_LuCNcPTgCiOTvmK3FieSOOrY9MigS5nqQyEvaL1kpLNrWR67.HN; webid=2768c9caa1d24a74b8368276cfb6dc93; webid_sync=1552432348341; AGEN=07sE-NbWY0XgdDoRe35_HL7xuA2C1gTLGfJD17ddgFY; SLEVEL=1; _DGUNCV_=IYRw0GMKrJ6WhOH6M71-zU5gaIBf7YKO-nwxkL6afU20_5pqcdVDM8fjYp49J4XcGWw29dKZqoQ*; _ga=GA1.3.2089884205.1552375318; _gid=GA1.3.667454821.1552375318; TS=1552432323; HTS=dN1DXUWpIVqwAFbhzkkDhg00; HM_CU=5Bd4q3BYzif; PROF=0603012032024064024192UiQPJk7X-6w0mlxoempuua-O-jMB"
2019-03-13 8:37,203.246.171.140,139.150.87.138,80,SQL Injection," GET /pds/clientdownload HTTP/1.1#015#012Referer: https://www.google.com/search?hl=en&q=testing#015#012User-Agent: Mozilla/5.0 (Windows NT 6.1; WOW64) AppleWebKit/537.21 (KHTML, like Gecko) Chrome/41.0.2228.0 Safari/537.21 @@kgsec-insight#015#012Cookie: TIARA=Khbrx61ixwTvoG6ARD3gC-9Ty4rEJc9OHWtIcD3KmExe_LuCNcPTgCiOTvmK3FieSOOrY9MigS5nqQyEvaL1kpLNrWR67.HN; webid=2768c9caa1d24a74b8368276cfb6dc93; webid_sync=1552432348341; AGEN=07sE-NbWY0XgdDoRe35_HL7xuA2C1gTLGfJD17ddgFY; SLEVEL=1; _DGUNCV_=IYRw0GMKrJ6WhOH6M71-zU5gaIBf7YKO-nwxkL6afU20_5pqcdVDM8fjYp49J4XcGWw29dKZqoQ*; _ga=GA1.3.2089884205.1552375318; _gid=GA1.3.667454821.1552375318; TS=1552432323; HTS=dN1DXUWpIVqwAFbhzkkDhg00; HM_CU=5Bd4q3BYzif; PROF=0603012032024064024192UiQPJk7X-6w0mlxoempuua-O-jMB"
2019-03-13 8:41,203.246.171.140,139.150.87.138,80,SQL Injection, /ticketFB.jsp?ticketNo=1
2019-03-13 8:43,203.246.171.140,139.150.87.138,80,SQL Injection," GET /popup/pop_program HTTP/1.1#015#012Referer: https://www.google.com/search?hl=en&q=testing#015#012User-Agent: Mozilla/5.0 (Windows NT 6.1; WOW64) AppleWebKit/537.21 (KHTML, like Gecko) Chrome/41.0.2228.0 Safari/537.21 @@kgsec-insight#015#012Cookie: TIARA=Khbrx61ixwTvoG6ARD3gC-9Ty4rEJc9OHWtIcD3KmExe_LuCNcPTgCiOTvmK3FieSOOrY9MigS5nqQyEvaL1kpLNrWR67.HN; webid=2768c9caa1d24a74b8368276cfb6dc93; webid_sync=1552432348341; AGEN=07sE-NbWY0XgdDoRe35_HL7xuA2C1gTLGfJD17ddgFY; SLEVEL=1; _DGUNCV_=IYRw0GMKrJ6WhOH6M71-zU5gaIBf7YKO-nwxkL6afU20_5pqcdVDM8fjYp49J4XcGWw29dKZqoQ*; _ga=GA1.3.2089884205.1552375318; _gid=GA1.3.667454821.1552375318; TS=1552432323; HTS=dN1DXUWpIVqwAFbhzkkDhg00; HM_CU=5Bd4q3BYzif; PROF=0603012032024064024192UiQPJk7X-6w0mlxoempuua-O-jMB"
2019-03-13 8:43,203.246.171.140,139.150.87.138,80,SQL Injection, downfilename=0
2019-03-13 8:43,203.246.171.140,139.150.87.138,80,SQL Injection," GET /popup/pop_program HTTP/1.1#015#012Referer: https://www.google.com/search?hl=en&q=testing#015#012User-Agent: Mozilla/5.0 (Windows NT 6.1; WOW64) AppleWebKit/537.21 (KHTML, like Gecko) Chrome/41.0.2228.0 Safari/537.21 @@kgsec-insight#015#012Cookie: TIARA=Khbrx61ixwTvoG6ARD3gC-9Ty4rEJc9OHWtIcD3KmExe_LuCNcPTgCiOTvmK3FieSOOrY9MigS5nqQyEvaL1kpLNrWR67.HN; webid=2768c9caa1d24a74b8368276cfb6dc93; webid_sync=1552432348341; AGEN=07sE-NbWY0XgdDoRe35_HL7xuA2C1gTLGfJD17ddgFY; SLEVEL=1; _DGUNCV_=IYRw0GMKrJ6WhOH6M71-zU5gaIBf7YKO-nwxkL6afU20_5pqcdVDM8fjYp49J4XcGWw29dKZqoQ*; _ga=GA1.3.2089884205.1552375318; _gid=GA1.3.667454821.1552375318; TS=1552432323; HTS=dN1DXUWpIVqwAFbhzkkDhg00; HM_CU=5Bd4q3BYzif; PROF=0603012032024064024192UiQPJk7X-6w0mlxoempuua-O-jMB"
2019-03-13 8:43,203.246.171.140,139.150.87.138,80,SQL Injection, id=&memberid=%EC%95%84%EC%9D%B4%EB%94%94&memberpw=1&pw=1&pwTxt=%EB%B9%84%EB%B0%80%EB%B2%88%ED%98%B8&returnUrl=1
2019-03-13 8:43,203.246.171.140,139.150.87.138,80,SQL Injection," GET /ticketFB.jsp HTTP/1.1#015#012Referer: https://www.google.com/search?hl=en&q=testing#015#012User-Agent: Mozilla/5.0 (Windows NT 6.1; WOW64) AppleWebKit/537.21 (KHTML, like Gecko) Chrome/41.0.2228.0 Safari/537.21 @@kgsec-insight#015#012Cookie: TIARA=Khbrx61ixwTvoG6ARD3gC-9Ty4rEJc9OHWtIcD3KmExe_LuCNcPTgCiOTvmK3FieSOOrY9MigS5nqQyEvaL1kpLNrWR67.HN; webid=2768c9caa1d24a74b8368276cfb6dc93; webid_sync=1552432348341; AGEN=07sE-NbWY0XgdDoRe35_HL7xuA2C1gTLGfJD17ddgFY; SLEVEL=1; _DGUNCV_=IYRw0GMKrJ6WhOH6M71-zU5gaIBf7YKO-nwxkL6afU20_5pqcdVDM8fjYp49J4XcGWw29dKZqoQ*; _ga=GA1.3.2089884205.1552375318; _gid=GA1.3.667454821.1552375318; TS=1552432323; HTS=dN1DXUWpIVqwAFbhzkkDhg00; HM_CU=5Bd4q3BYzif; PROF=0603012032024064024192UiQPJk7X-6w0mlxoempuua-O-jMB"
2019-03-13 8:36,203.246.171.140,139.150.87.138,80,SQL Injection," GET /pds/clientdownload HTTP/1.1#015#012User-Agent: Mozilla/5.0 (Windows NT 6.1; WOW64) AppleWebKit/537.21 (KHTML, like Gecko) Chrome/41.0.2228.0 Safari/537.21 @@kgsec-insight#015#012Cookie: TIARA=Khbrx61ixwTvoG6ARD3gC-9Ty4rEJc9OHWtIcD3KmExe_LuCNcPTgCiOTvmK3FieSOOrY9MigS5nqQyEvaL1kpLNrWR67.HN; webid=2768c9caa1d24a74b8368276cfb6dc93; webid_sync=1552432348341; AGEN=07sE-NbWY0XgdDoRe35_HL7xuA2C1gTLGfJD17ddgFY; SLEVEL=1; _DGUNCV_=IYRw0GMKrJ6WhOH6M71-zU5gaIBf7YKO-nwxkL6afU20_5pqcdVDM8fjYp49J4XcGWw29dKZqoQ*; _ga=GA1.3.2089884205.1552375318; _gid=GA1.3.6674"
2019-03-13 8:43,203.246.171.140,139.150.87.138,80,SQL Injection," GET /ticketFB.jsp HTTP/1.1#015#012Referer: https://www.google.com/search?hl=en&q=testing#015#012User-Agent: Mozilla/5.0 (Windows NT 6.1; WOW64) AppleWebKit/537.21 (KHTML, like Gecko) Chrome/41.0.2228.0 Safari/537.21 @@kgsec-insight#015#012Cookie: TIARA=Khbrx61ixwTvoG6ARD3gC-9Ty4rEJc9OHWtIcD3KmExe_LuCNcPTgCiOTvmK3FieSOOrY9MigS5nqQyEvaL1kpLNrWR67.HN; webid=2768c9caa1d24a74b8368276cfb6dc93; webid_sync=1552432348341; AGEN=07sE-NbWY0XgdDoRe35_HL7xuA2C1gTLGfJD17ddgFY; SLEVEL=1; _DGUNCV_=IYRw0GMKrJ6WhOH6M71-zU5gaIBf7YKO-nwxkL6afU20_5pqcdVDM8fjYp49J4XcGWw29dKZqoQ*; _ga=GA1.3.2089884205.1552375318; _gid=GA1.3.667454821.1552375318; TS=1552432323; HTS=dN1DXUWpIVqwAFbhzkkDhg00; HM_CU=5Bd4q3BYzif; PROF=0603012032024064024192UiQPJk7X-6w0mlxoempuua-O-jMB"
2019-03-13 8:47,203.246.171.140,139.150.87.138,80,SQL Injection, /popup/pop_program?type=file
2019-03-13 8:44,203.246.171.140,139.150.87.138,80,SQL Injection," GET /event/20160824 HTTP/1.1#015#012Referer: https://www.google.com/search?hl=en&q=testing#015#012User-Agent: Mozilla/5.0 (Windows NT 6.1; WOW64) AppleWebKit/537.21 (KHTML, like Gecko) Chrome/41.0.2228.0 Safari/537.21 @@kgsec-insight#015#012Cookie: TIARA=Khbrx61ixwTvoG6ARD3gC-9Ty4rEJc9OHWtIcD3KmExe_LuCNcPTgCiOTvmK3FieSOOrY9MigS5nqQyEvaL1kpLNrWR67.HN; webid=2768c9caa1d24a74b8368276cfb6dc93; webid_sync=1552432348341; AGEN=07sE-NbWY0XgdDoRe35_HL7xuA2C1gTLGfJD17ddgFY; SLEVEL=1; _DGUNCV_=IYRw0GMKrJ6WhOH6M71-zU5gaIBf7YKO-nwxkL6afU20_5pqcdVDM8fjYp49J4XcGWw29dKZqoQ*; _ga=GA1.3.2089884205.1552375318; _gid=GA1.3.667454821.1552375318; TS=1552432323; HTS=dN1DXUWpIVqwAFbhzkkDhg00; HM_CU=5Bd4q3BYzif; PROF=0603012032024064024192UiQPJk7X-6w0mlxoempuua-O-jMB"
2019-03-04 3:06,200.75.219.58,139.150.87.213,80,SQL Injection, /Help/HelpView.aspx?p=LIvLR8R24K1VBPu0eeS0g51e&c1=3YECmhGBxKuu1p0KZCUBtOfK&c2=3vXB17FRhEOZE8DN8-FwgMOU&c3=5BXSwvFPMOW9SmTE3F5n481k&s=MosDIhKOsJ3VVpZBey4GS3I9
2019-02-26 17:17,5.101.40.234,139.150.87.138,80,SQL Injection, /news/wemade-poll/poll/list?gameCode=icarus
2019-03-18 0:03,23.194.212.174,172.19.3.205,80,PL_C_01_SQL Injection,GET /news/html/ HTTP/1.1 
2019-03-21 15:23,36.234.154.128,211.169.240.71,80,SqlInjection, /ArticleView/ArticleView.php?url=book/201403/?ver=v002&url=book/201403/kd20140309160358125600.htm
2019-03-21 15:23,36.234.154.128,112.175.173.70,80,SqlInjection, /news/news_print.php?idxno=1087782
2019-03-21 14:58,61.132.225.45,211.169.240.71,80,SqlInjection, GET //news/html/?410.html HTTP/1.0 Accept: */* Referer: http://times.hankooki.com//news/html/?410.html Accept-Language: zh-cn User-Agent: Mozilla/4.0 (compatible; MSIE 9.0; Windows NT 6.1) Host: times.hankooki.com X-Forwarded-For: 61.132.225.45 Via: 1.1 Cache2 (Jaguar/3.0-11) Connection: Keep-Alive
2019-03-21 14:57,61.132.225.45,211.169.240.71,80,SqlInjection, GET //NewsType.asp?SmallClass HTTP/1.0 Accept: */* Referer: http://times.hankooki.com//NewsType.asp?SmallClass Accept-Language: zh-cn User-Agent: Mozilla/4.0 (compatible; MSIE 9.0; Windows NT 6.1) Host: times.hankooki.com X-Forwarded-For: 61.132.225.45 Via: 1.1 Cache3 (Jaguar/3.0-11) Connection: Keep-Alive
2019-03-21 12:33,153.92.0.22,211.169.240.71,80,SqlInjection, /article/articleView.php?url=entv%2F201511%2Fdh20151128070036139040.htm
2019-03-21 12:36,36.232.134.242,112.175.173.70,80,SqlInjection, /news/section/newsview.php?idxno=983325
2019-03-21 12:11,94.73.151.83,112.175.173.89,80,SqlInjection, /issue/view.php?idxno=1735247
2019-03-21 12:19,49.83.30.169,222.122.208.184,80,SqlInjection, //faq.php?action=grouppermission&gids[99]=&gids[100][0]=
2019-03-21 12:25,36.232.134.242,112.175.173.70,80,SqlInjection, /news/section/newsview.php?idxno=983325
2019-03-21 12:42,36.232.134.242,112.175.173.76,80,SqlInjection, /view/news_view.php?varAtcId=61822
2019-03-21 12:42,36.232.134.242,112.175.173.70,80,SqlInjection, /news/section/newsview.php?idxno=1333876
2019-03-21 12:25,64.41.94.22,182.162.96.254,80,SqlInjection, /air/b2c/AIR/INT/AIRINTTRP0100100000.k1?KSESID=air:b2c:SELK138AN:AA024::00
2019-03-21 11:08,216.57.225.2,182.162.96.254,80,SqlInjection, /air/b2c/AIR/INT/AIRINTTRP0100100000.k1?KSESID=air:b2c:SELK138AN:AA024::00
2019-03-21 11:00,172.104.176.74,112.175.8.11,80,SqlInjection, /center/news/Notice_view.asp?menu=&board_seq=101&list_seq=12898&page=4
2019-03-21 11:00,172.104.176.74,112.175.8.11,80,SqlInjection, /center/news/Notice_view.asp?board_seq=101&page=4&list_seq=12898&menu=
2019-03-21 11:00,172.104.176.74,112.175.8.11,80,SqlInjection, /center/news/Notice_view.asp?menu=&board_seq=101&page=4&list_seq=12
2019-03-21 10:04,185.234.218.22,112.175.173.70,80,SqlInjection, /news/news_print.php?idxno=699877
2019-03-21 9:25,47.74.255.26,10.10.42.111,443,SqlInjection, /detail.do?id=3774717
2019-03-21 9:25,47.74.255.26,10.10.42.111,443,SqlInjection, /detail.do?id=3774717
2019-03-21 9:51,174.136.12.165,110.45.246.39,80,SqlInjection, /customer/info_view.asp?rank=127&idx=89&page=5&strSchTxt=&strSchKey=
2019-03-21 9:51,174.136.12.165,110.45.246.39,80,SqlInjection, /customer/info_view.asp?rank=127&idx=89&strSchKey=&strSchTxt=&page=5
2019-03-21 9:50,174.136.12.165,110.45.246.39,80,SqlInjection, /customer/info_view.asp?rank=127&page=5&strSchKey=&strSchTxt=&idx=89
2019-03-21 9:50,174.136.12.165,110.45.246.39,80,SqlInjection, /customer/info_view.asp?idx=89&page=5&strSchKey=&strSchTxt=&rank=127
2019-03-21 7:00,123.207.28.147,112.175.173.103,80,SqlInjection, /section/newsview.php?idxno=10124
2019-03-21 7:22,218.255.179.68,10.252.103.23,80,SqlInjection, /DB/Recruit/JobOffer/Detail.asp?an=1547&cnt=10&page=1&StartDay=&EndDay=&Place_Value=&Field_Value=&Companyname_Value=&search_chk=&block=
2019-03-21 7:22,218.255.179.68,10.252.103.23,80,SqlInjection, /DB/Recruit/JobOffer/Detail.asp?an=1547&page=1&block=&StartDay=&EndDay=&Place_Value=&Field_Value=&Companyname_Value=&search_chk=&cnt=10
2019-03-21 7:22,218.255.179.68,10.252.103.23,80,SqlInjection, /DB/Recruit/JobOffer/Detail.asp?an=1547&cnt=10&page=1&block=&EndDay=&Place_Value=&Field_Value=&Companyname_Value=&search_chk=&StartDay=
2019-03-21 7:22,218.255.179.68,10.252.103.23,80,SqlInjection, /DB/Recruit/JobOffer/Detail.asp?an=1547&cnt=10&page=1&block=&StartDay=&EndDay=&Field_Value=&Companyname_Value=&search_chk=&Place_Value=
2019-03-21 7:22,218.255.179.68,10.252.103.23,80,SqlInjection, /DB/Recruit/JobOffer/Detail.asp?amp;cnt=10&amp;page=1&amp;block=&amp;StartDay=&amp;EndDay=&amp;Place_Value=&amp;Field_Value=&amp;Companyname_Value=&amp;search_chk=&an=1547
2019-03-21 7:22,218.255.179.68,10.252.103.23,80,SqlInjection, /DB/Recruit/JobOffer/Detail.asp?an=1547&cnt=10&page=1&block=&StartDay=&EndDay=&Field_Value=&Companyname_Value=&search_chk=&Place_Value=
2019-03-21 7:36,36.232.133.51,192.168.100.89,80,SqlInjection, /common/down.php?filename=%EA%B5%AC%EC%97%B0%EB%8F%99%ED%99%94%20%ED%99%8D%EB%B3%B4%EC%A7%80.hwp&filepath=/data/program/20160308/?filename=%EA%B5%AC%EC%97%B0%EB%8F%99%ED%99%94%20%ED%99%8D%EB%B3%B4%EC%A7%80.hwp&filepath=/data/program/20160308/
2019-03-21 7:00,123.207.28.147,112.175.173.103,80,SqlInjection, /section/newsview.php?idxno=10124
2019-03-21 7:36,36.232.133.51,192.168.100.89,80,SqlInjection, /common/down.php?filename=%EA%B5%AC%EC%97%B0%EB%8F%99%ED%99%94%20%ED%99%8D%EB%B3%B4%EC%A7%80.hwp&filepath=/data/program/20160308/?filepath=/data/program/20160308/&filename=%EA%B5%AC%EC%97%B0%EB%8F%99%ED%99%94%20%ED%99%8D%EB%B3%B4%EC%A7%80.hwp
2019-03-21 7:09,211.149.192.184,112.175.173.103,80,SqlInjection, /section/newsview.php?idxno=10124
2019-03-21 6:16,142.93.68.167,222.122.208.131,80,SqlInjection, /department/board/view.jsp?SITE_GRP=DEPARTMENT05&BRD_NO=690943&m=13134&P_NUM=1&cP_NUM=1
2019-03-21 6:15,213.232.126.76,10.252.103.23,80,SqlInjection, /DB/Recruit/JobOffer/Detail.asp?an=1547&cnt=10&page=1&StartDay=&EndDay=&Place_Value=&Field_Value=&Companyname_Value=&search_chk=&block=
2019-03-21 6:15,142.93.68.167,222.122.208.131,80,SqlInjection, /department/board/view.jsp?BRD_NO=690943&m=13134&P_NUM=1&cP_NUM=1&SITE_GRP=DEPARTMENT05
2019-03-21 6:16,213.232.126.76,10.252.103.23,80,SqlInjection, /DB/Recruit/JobOffer/Detail.asp?an=1547&cnt=10&page=1&block=&StartDay=&EndDay=&Place_Value=&Field_Value=&search_chk=&Companyname_Value=
2019-03-21 6:16,142.93.68.167,222.122.208.131,80,SqlInjection, /department/board/view.jsp?SITE_GRP=DEPARTMENT05&m=13134&P_NUM=1&cP_NUM=1&BRD_NO=690943
2019-03-21 6:16,213.232.126.76,10.252.103.23,80,SqlInjection, /DB/Recruit/JobOffer/Detail.asp?an=1547&cnt=10&page=1&block=&StartDay=&Place_Value=&Field_Value=&Companyname_Value=&search_chk=&EndDay=
2019-03-21 6:16,142.93.68.167,222.122.208.131,80,SqlInjection, /department/board/view.jsp?SITE_GRP=DEPARTMENT05&BRD_NO=690943&m=13134&c&P_NUM=1
2019-03-21 6:16,213.232.126.76,10.252.103.23,80,SqlInjection, /DB/Recruit/JobOffer/Detail.asp?an=1547&cnt=10&page=1&block=&StartDay=&EndDay=&Field_Value=&Companyname_Value=&search_chk=&Place_Value=
2019-03-21 6:15,213.232.126.76,10.252.103.23,80,SqlInjection, /DB/Recruit/JobOffer/Detail.asp?an=1547&cnt=10&page=1&block=&EndDay=&Place_Value=&Field_Value=&Companyname_Value=&search_chk=&StartDay=
2019-03-21 6:16,142.93.68.167,222.122.208.131,80,SqlInjection, /department/board/view.jsp?SITE_GRP=DEPARTMENT05&BRD_NO=690943&P_NUM=1&cP_NUM=1&m=13134
2019-03-21 6:17,213.232.126.76,10.252.103.23,80,SqlInjection, /DB/Recruit/JobOffer/Detail.asp?an=1547&cnt=10&page=1&block=&StartDay=&EndDay=&Place_Value=&Field_Value=&Companyname_Value=&search_chk=
2019-03-21 6:16,213.232.126.76,10.252.103.23,80,SqlInjection, /DB/Recruit/JobOffer/Detail.asp?an=1547&cnt=10&page=1&block=&StartDay=&EndDay=&Place_Value=&Field_Value=&search_chk=&Companyname_Value=
2019-03-21 6:34,35.225.181.213,10.10.42.111,443,SqlInjection, /djc/community-board-detail.do?id=238285&postId=108086299999
2019-03-21 6:33,35.225.181.213,10.10.42.111,443,SqlInjection, /djc/community-board-detail.do?postId=1080862&id=238285
2019-03-21 6:12,92.222.170.161,112.175.173.96,80,SqlInjection, /view/news_view.php?varAtcId=4918
2019-03-21 6:43,180.76.252.1,112.175.173.103,80,SqlInjection, /section/newsview.php?idxno=10124
2019-03-21 6:34,35.225.181.213,10.10.42.111,443,SqlInjection, /djc/community-board-detail.do?id=238285&postId=1080862
2019-03-21 5:20,112.78.10.32,211.169.240.71,80,SqlInjection, /mm_theme_view.php?gisa_id=00127868&cate_code=0405/99999
2019-03-21 5:19,112.78.10.32,211.169.240.71,80,SqlInjection, /mm_theme_view.php?cate_code=0405/&gisa_id=00127868
2019-03-21 5:20,112.78.10.32,211.169.240.71,80,SqlInjection, /mm_theme_view.php?cate_code=0405%2F&gisa_id=00127868
2019-03-21 5:20,112.78.10.32,211.169.240.71,80,SqlInjection, /mm_theme_view.php?gisa_id=00127868&cate_code=0405/
2019-03-21 3:13,185.234.218.22,112.175.173.96,80,SqlInjection, /view/news_view.php?varAtcId=2067
2019-03-21 2:14,175.45.11.46,112.175.8.11,80,SqlInjection," GET /center/mall/item_main_list.asp?main_category=60 HTTP/1.1 Accept-Encoding: gzip, deflate Connection: close Cookie: member_service=3; locale=EN; service_code=loa Host: luminary.valofe.com Referer: http://luminary.valofe.com/center/mall/item_main_list.asp?main_category=60 User-Agent: Mozilla/4.0 (compatible; MSIE 6.0; Windows NT 5.1; SV1) "
2019-03-21 2:14,124.167.248.230,112.175.8.11,80,SqlInjection, /center/news/newsletter.asp?board_seq=104
2019-03-21 2:24,47.75.195.213,112.175.8.11,80,SqlInjection, /center/mall/product_view.asp?product_seq=1197
2019-03-21 2:22,202.104.102.162,112.175.8.11,80,SqlInjection," GET /center/mall/item_main_list.asp?menu=82&main_category=10 HTTP/1.1 Accept-Encoding: gzip, deflate Connection: close Cookie: member_service=3; locale=EN; service_code=loa Host: luminary.valofe.com Referer: http://luminary.valofe.com/center/mall/item_main_list.asp?menu=82&main_category=10 User-Agent: Mozilla/4.0 (compatible; MSIE 6.0; Windows NT 5.1; SV1) "
2019-03-21 2:22,220.172.105.45,112.175.8.11,80,SqlInjection, /center/mall/item_main_list.asp?menu=82&main_category=10
2019-03-21 2:24,117.166.86.229,112.175.8.11,80,SqlInjection, /center/mall/product_view.asp?product_seq=1197
2019-03-21 2:32,70.32.28.4,211.169.240.71,80,SqlInjection, /play/flash_board/wwwboardview.php?tablename=flashgame&indexid=119
2019-03-21 2:32,70.32.28.4,211.169.240.71,80,SqlInjection, /play/flash_board/wwwboardview.php?indexid=119%2F&tablename=flashgame
2019-03-21 2:30,202.104.102.162,112.175.8.11,80,SqlInjection, /center/news/view.asp?menu=11&board_seq=103&list_seq=18374
2019-03-21 0:59,153.92.0.8,110.45.246.33,443,SqlInjection, /torimaru/menu.asp?menucate=5
2019-03-21 0:05,209.18.90.16,112.175.8.11,80,SqlInjection, /center/forum/forums/thread-view.asp?tid=22702
2019-03-21 0:48,185.179.191.135,112.175.8.11,80,SqlInjection, /center/forum/forums/thread-view.asp?start=26/&tid=18073
2019-03-21 0:50,185.179.191.135,112.175.8.11,80,SqlInjection, /center/forum/forums/thread-view.asp?amp;start=26%2F&tid=18073
2019-03-21 0:50,185.179.191.135,112.175.8.11,80,SqlInjection, /center/forum/forums/thread-view.asp?tid=18073&amp;start=26/
2019-03-21 0:50,185.179.191.135,112.175.8.11,80,SqlInjection, /center/forum/forums/thread-view.asp?amp;start=26%2F&tid=18073
2019-03-21 0:59,153.92.0.8,110.45.246.33,443,SqlInjection, /torimaru/menu.asp?menucate=5
2019-03-20 23:32,13.76.87.167,112.175.8.11,80,SqlInjection,"HTTP/1.1 Accept: text/html,application/xhtml+xml,application/xml;q=0.9,*/*;q=0.8 Accept-Encoding: gzip Accept-Charset: ISO-8859-1,utf-8;q=0.7,*;q=0.7 Accept-Language: en-us,en;q=0.5 Referer: http://luminary.valofe.com/center/news/Notice_view.asp?menu=11&board_seq=101&page=1&list_seq=17867 User-Agent: Mozilla/5.0 (Windows; U; Windows NT 5.1; pt-PT; rv:1.9.1.2) Gecko/20090729 Firefox/3.5.2 (.NET CLR 3.5.30729) Host: luminary.valofe.com Connection: Keep-Alive "
2019-03-20 23:32,13.76.87.167,112.175.8.11,80,SqlInjection," HTTP/1.1 Accept: text/html,application/xhtml+xml,application/xml;q=0.9,*/*;q=0.8 Accept-Encoding: gzip Accept-Charset: ISO-8859-1,utf-8;q=0.7,*;q=0.7 Accept-Language: en-us,en;q=0.5 Referer: http://luminary.valofe.com/center/news/Notice_view.asp?menu=11&board_seq=101&page=1&list_seq=17867 User-Agent: Mozilla/5.0 (Windows; U; Windows NT 5.1; pt-PT; rv:1.9.1.2) Gecko/20090729 Firefox/3.5.2 (.NET CLR 3.5.30729) Host: luminary.valofe.com Connection: Keep-Alive "
2019-03-20 23:32,13.76.87.167,112.175.8.11,80,SqlInjection,"  HTTP/1.1 Accept: text/html,application/xhtml+xml,application/xml;q=0.9,*/*;q=0.8 Accept-Encoding: gzip Accept-Charset: ISO-8859-1,utf-8;q=0.7,*;q=0.7 Accept-Language: en-us,en;q=0.5 Referer: http://luminary.valofe.com/center/news/Notice_view.asp?menu=11&board_seq=101&page=1&list_seq=17867 User-Agent: Mozilla/5.0 (Windows; U; Windows NT 5.1; pt-PT; rv:1.9.1.2) Gecko/20090729 Firefox/3.5.2 (.NET CLR 3.5.30729) Host: luminary.valofe.com Connection: Keep-Alive "
2019-03-20 23:32,13.76.87.167,112.175.8.11,80,SqlInjection,"&board_seq=101&page=1&list_seq=17867 HTTP/1.1 Accept: text/html,application/xhtml+xml,application/xml;q=0.9,*/*;q=0.8 Accept-Encoding: gzip Accept-Charset: ISO-8859-1,utf-8;q=0.7,*;q=0.7 Accept-Language: en-us,en;q=0.5 Referer: http://luminary.valofe.com/center/news/Notice_view.asp?menu=11&board_seq=101&page=1&list_seq=17867 User-Agent: Mozilla/5.0 (Windows; U; Windows NT 5.1; pt-PT; rv:1.9.1.2) Gecko/20090729 Firefox/3.5.2 (.NET CLR 3.5.30729) Host: luminary.valofe.com Connection: Keep-Alive "
2019-03-20 23:32,13.76.87.167,112.175.8.11,80,SqlInjection," HTTP/1.1 Accept: text/html,application/xhtml+xml,application/xml;q=0.9,*/*;q=0.8 Accept-Encoding: gzip Accept-Charset: ISO-8859-1,utf-8;q=0.7,*;q=0.7 Accept-Language: en-us,en;q=0.5 Referer: http://luminary.valofe.com/center/news/Notice_view.asp?menu=11&board_seq=101&page=1&list_seq=17867 User-Agent: Mozilla/5.0 (Windows; U; Windows NT 5.1; pt-PT; rv:1.9.1.2) Gecko/20090729 Firefox/3.5.2 (.NET CLR 3.5.30729) Host: luminary.valofe.com Connection: Keep-Alive "
2019-03-20 23:32,13.76.87.167,112.175.8.11,80,SqlInjection,"&board_seq=101&page=1&list_seq=17867 HTTP/1.1 Accept: text/html,application/xhtml+xml,application/xml;q=0.9,*/*;q=0.8 Accept-Encoding: gzip Accept-Charset: ISO-8859-1,utf-8;q=0.7,*;q=0.7 Accept-Language: en-us,en;q=0.5 Referer: http://luminary.valofe.com/center/news/Notice_view.asp?menu=11&board_seq=101&page=1&list_seq=17867 User-Agent: Mozilla/5.0 (Windows; U; Windows NT 5.1; pt-PT; rv:1.9.1.2) Gecko/20090729 Firefox/3.5.2 (.NET CLR 3.5.30729) Host: luminary.valofe.com Connection: Keep-Alive "
2019-03-20 23:32,13.76.87.167,112.175.8.11,80,SqlInjection,"&board_seq=101&page=1&list_seq=17867 HTTP/1.1 Accept: text/html,application/xhtml+xml,application/xml;q=0.9,*/*;q=0.8 Accept-Encoding: gzip Accept-Charset: ISO-8859-1,utf-8;q=0.7,*;q=0.7 Accept-Language: en-us,en;q=0.5 Referer: http://luminary.valofe.com/center/news/Notice_view.asp?menu=11&board_seq=101&page=1&list_seq=17867 User-Agent: Mozilla/5.0 (Windows; U; Windows NT 5.1; pt-PT; rv:1.9.1.2) Gecko/20090729 Firefox/3.5.2 (.NET CLR 3.5.30729) Host: luminary.valofe.com Connection: Keep-Alive "
2019-03-20 23:32,13.76.87.167,112.175.8.11,80,SqlInjection,"&page=1&list_seq=17867 HTTP/1.1 Accept: text/html,application/xhtml+xml,application/xml;q=0.9,*/*;q=0.8 Accept-Encoding: gzip Accept-Charset: ISO-8859-1,utf-8;q=0.7,*;q=0.7 Accept-Language: en-us,en;q=0.5 Referer: http://luminary.valofe.com/center/news/Notice_view.asp?menu=11&board_seq=101&page=1&list_seq=17867 User-Agent: Mozilla/5.0 (Windows; U; Windows NT 5.1; pt-PT; rv:1.9.1.2) Gecko/20090729 Firefox/3.5.2 (.NET CLR 3.5.30729) Host: luminary.valofe.com Connection: Keep-Alive "
2019-03-20 23:32,13.76.87.167,112.175.8.11,80,SqlInjection,"&board_seq=101&page=1&list_seq=17867 HTTP/1.1 Accept: text/html,application/xhtml+xml,application/xml;q=0.9,*/*;q=0.8 Accept-Encoding: gzip Accept-Charset: ISO-8859-1,utf-8;q=0.7,*;q=0.7 Accept-Language: en-us,en;q=0.5 Referer: http://luminary.valofe.com/center/news/Notice_view.asp?menu=11&board_seq=101&page=1&list_seq=17867 User-Agent: Mozilla/5.0 (Windows; U; Windows NT 5.1; pt-PT; rv:1.9.1.2) Gecko/20090729 Firefox/3.5.2 (.NET CLR 3.5.30729) Host: luminary.valofe.com Connection: Keep-Alive "
2019-03-20 23:43,213.159.30.142,211.169.240.71,80,SqlInjection, /Article/ArchiveView.php?weekly_year=2019&weekly_day=28/&weekly_month=01
2019-03-20 23:43,213.159.30.142,211.169.240.71,80,SqlInjection, /Article/ArchiveView.php?weekly_month=01&weekly_day=28/&weekly_year=2019
2019-03-20 23:43,213.159.30.142,211.169.240.71,80,SqlInjection, /Article/ArchiveView.php?weekly_year=2019&weekly_month=01&weekly_day=28/
2019-03-20 23:33,13.76.87.167,112.175.8.11,80,SqlInjection, /center/news/Notice_view.asp?menu=11&board_seq=101&page=9&list_seq=17867
2019-03-20 23:32,13.76.87.167,112.175.8.11,80,SqlInjection,"&list_seq=17867 HTTP/1.1 Accept: text/html,application/xhtml+xml,application/xml;q=0.9,*/*;q=0.8 Accept-Encoding: gzip Accept-Charset: ISO-8859-1,utf-8;q=0.7,*;q=0.7 Accept-Language: en-us,en;q=0.5 Referer: http://luminary.valofe.com/center/news/Notice_view.asp?menu=11&board_seq=101&page=1&list_seq=17867 User-Agent: Mozilla/5.0 (Windows; U; Windows NT 5.1; pt-PT; rv:1.9.1.2) Gecko/20090729 Firefox/3.5.2 (.NET CLR 3.5.30729) Host: luminary.valofe.com Connection: Keep-Alive "
2019-03-20 23:32,13.76.87.167,112.175.8.11,80,SqlInjection,"HTTP/1.1 Accept: text/html,application/xhtml+xml,application/xml;q=0.9,*/*;q=0.8 Accept-Encoding: gzip Accept-Charset: ISO-8859-1,utf-8;q=0.7,*;q=0.7 Accept-Language: en-us,en;q=0.5 Referer: http://luminary.valofe.com/center/news/Notice_view.asp?menu=11&board_seq=101&page=1&list_seq=17867 User-Agent: Mozilla/5.0 (Windows; U; Windows NT 5.1; pt-PT; rv:1.9.1.2) Gecko/20090729 Firefox/3.5.2 (.NET CLR 3.5.30729) Host: luminary.valofe.com Connection: Keep-Alive "
2019-03-20 23:33,13.76.87.167,112.175.8.11,80,SqlInjection, /center/news/Notice_view.asp?menu=11&board_seq=101&page=9&list_seq=17867
2019-03-20 23:47,103.28.36.58,112.175.8.11,80,SqlInjection, /center/forum/forums/printer-friendly.asp?tid=24794&mid=/
