장비발생시간,출발지IP,목적지IP,목적지포트,공격명,request
2019-03-18 19:06,125.190.206.138,121.125.77.69,80,SQL Injection,POST /api/comment_ok.php HTTP/1.1
2019-03-18 19:06,125.190.206.138,121.125.77.69,80,SQL Injection,POST /write_new.php HTTP/1.1
2019-03-18 17:32,223.38.8.113,121.125.77.61,443,SQL Injection,POST / HTTP/1.1
2019-03-18 17:31,223.38.8.113,121.125.77.61,443,SQL Injection,POST /galltotal HTTP/1.1
2019-03-18 15:31,202.136.121.91,121.125.77.69,443,SQL Injection,POST /mcategory HTTP/1.1
2019-03-18 15:31,202.136.121.91,121.125.77.69,443,SQL Injection,POST /category HTTP/1.1
2019-03-18 15:31,202.136.121.91,121.125.77.69,443,SQL Injection,POST /jQuery-File-Upload/server/php/index.php HTTP/1.1
2019-03-18 15:31,202.136.121.91,121.125.77.69,443,SQL Injection,POST /jQuery-File-Upload/server/php/upload.php HTTP/1.1
2019-03-18 15:31,202.136.121.91,121.125.77.69,443,SQL Injection,POST /jQuery-File-Upload/server/php/upload.class.php HTTP/1.1
2019-03-18 15:31,202.136.121.91,121.125.77.69,443,SQL Injection,POST /jQuery-File-Upload/php/index.php HTTP/1.1
2019-03-18 15:31,202.136.121.91,121.125.77.69,443,SQL Injection,POST /jQuery-File-Upload/php/UploadHandler.php HTTP/1.1
2019-03-18 15:31,202.136.121.91,121.125.77.69,443,SQL Injection,POST /jQuery-File-Upload/php/upload.php HTTP/1.1
2019-03-18 15:31,202.136.121.91,121.125.77.69,443,SQL Injection,POST /jQuery-File-Upload/php/upload.class.php HTTP/1.1
2019-03-18 15:29,202.136.121.91,121.125.77.69,443,SQL Injection,POST /jQuery-File-Upload/server/php/UploadHandler.php HTTP/1.1
2019-03-18 15:30,202.136.121.91,121.125.77.69,443,SQL Injection,POST /jquery-file-upload/server/php/upload.php HTTP/1.1
2019-03-18 15:30,202.136.121.91,121.125.77.69,443,SQL Injection,POST /server/php/UploadHandler.php HTTP/1.1
2019-03-18 15:30,202.136.121.91,121.125.77.69,443,SQL Injection,POST /mall HTTP/1.1
2019-03-18 15:30,202.136.121.91,121.125.77.69,443,SQL Injection,POST /server/php/upload.class.php HTTP/1.1
2019-03-18 15:30,202.136.121.91,121.125.77.69,443,SQL Injection,POST /server/php/index.php HTTP/1.1
2019-03-18 15:30,202.136.121.91,121.125.77.69,443,SQL Injection,POST /phpMoAdmin/moadmin.php HTTP/1.1
2019-03-18 15:30,202.136.121.91,121.125.77.69,443,SQL Injection,POST /phpunit/vendor/phpunit/phpunit/src/Util/PHP/eval-stdin.php HTTP/1.1
2019-03-18 15:29,202.136.121.91,121.125.77.69,443,SQL Injection,POST /vendor/phpunit/phpunit/src/Util/PHP/eval-stdin.php HTTP/1.1
2019-03-18 15:29,202.136.121.91,121.125.77.69,443,SQL Injection,POST /phpmoadmin/moadmin.php HTTP/1.1
2019-03-18 15:29,202.136.121.91,121.125.77.69,443,SQL Injection,POST /moadmin/moadmin.php HTTP/1.1
2019-03-18 15:29,202.136.121.91,121.125.77.69,443,SQL Injection,POST /jquery-file-upload/server/php/upload.class.php HTTP/1.1
2019-03-18 15:29,202.136.121.91,121.125.77.69,443,SQL Injection,POST /server/php/upload.php HTTP/1.1
2019-03-18 15:29,202.136.121.91,121.125.77.69,443,SQL Injection,POST /section/game HTTP/1.1
2019-03-18 15:29,202.136.121.91,121.125.77.69,443,SQL Injection,POST /api/comment_del.php HTTP/1.1
2019-03-18 15:29,202.136.121.91,121.125.77.69,443,SQL Injection,POST /ajax/comment-write HTTP/1.1
2019-03-18 15:29,202.136.121.91,121.125.77.69,443,SQL Injection,POST /upimg_file.php?id=kancolle&r_key=1afd8c6c900ee231fa17e64127195e07 HTTP/1.1
2019-03-18 15:29,202.136.121.91,121.125.77.69,443,SQL Injection,POST /upimg_file.php?id=kancolle HTTP/1.1
2019-03-18 15:29,202.136.121.91,121.125.77.69,443,SQL Injection,POST /upimg_file.php?id=kancolle&r_key=1afd8c6c900ee231fa17e64127195e07 HTTP/1.1
2019-03-18 15:29,202.136.121.91,121.125.77.69,443,SQL Injection,POST /upimg_file.php?id=kancolle&r_key=8d3eff7bd7e88847fad26b3f2b232b90 HTTP/1.1
2019-03-18 15:29,202.136.121.91,121.125.77.69,443,SQL Injection,POST /api/_total_search.php HTTP/1.1
2019-03-18 15:29,202.136.121.91,121.125.77.69,443,SQL Injection,POST /index.php?m=vod-search HTTP/1.1
2019-03-18 15:29,202.136.121.91,121.125.77.69,443,SQL Injection,POST /dapur/apps/app_theme/libs/save_file.php HTTP/1.1
2019-03-18 15:29,202.136.121.91,121.125.77.69,443,SQL Injection,POST /user.php HTTP/1.1
2019-03-18 15:29,202.136.121.91,121.125.77.69,443,SQL Injection,POST /index.php HTTP/1.1
2019-03-18 15:29,202.136.121.91,121.125.77.69,443,SQL Injection,POST /public/index.php HTTP/1.1
2019-03-18 15:30,202.136.121.91,121.125.77.69,443,SQL Injection,POST /public/index.php HTTP/1.1
2019-03-18 15:30,202.136.121.91,121.125.77.69,443,SQL Injection,POST /dayrui/libraries/Chart/ofc_upload_image.php?name=test8151.php HTTP/1.1
2019-03-18 15:30,202.136.121.91,121.125.77.69,443,SQL Injection,POST /api/_ad_search_link.php HTTP/1.1
2019-03-21 15:34,185.224.137.109,121.125.77.69,80,SQL Injection,GET /view.php?id=pridepc_new3&no=5185704 HTTP/1.1
2019-03-21 15:34,185.224.137.109,121.125.77.69,80,SQL Injection,GET /view.php?no=5185704%2F&id=pridepc_new HTTP/1.0
2019-03-21 10:53,66.96.183.77,121.125.77.69,80,SQL Injection,GET /board/txt?recommend=1 HTTPS/1.0
2019-03-21 8:46,121.125.60.140,121.125.77.23,443,SQL Injection,GET /api.php?action=query&list=search&srsearch=1&srwhat=title&format=json&&srlimit=5&sroffset=0&utf8 HTTP/1.1
2019-03-21 3:30,50.62.160.111,121.125.77.69,80,SQL Injection,GET /view.php?id=bitcoins&no=2606899 HTTP/1.1
2019-03-21 1:20,209.222.96.146,121.125.77.69,80,SQL Injection,GET /view.php?id=undertale&page=3&no=26537 HTTP/1.1
2019-03-20 4:17,103.200.20.239,121.125.77.69,80,SQL Injection,GET /list.php?id=fifaonline HTTP/1.1
2019-03-19 6:24,203.217.176.191,121.125.77.24,80,SQL Injection,GET /index.php?cidx=M02 HTTP/1.1
2019-03-19 4:26,121.125.60.140,121.125.77.23,443,SQL Injection,GET /api.php?action=query&list=search&srsearch=1&srwhat=title&format=json&&srlimit=5&sroffset=0&utf8 HTTP/1.1
2019-03-19 2:09,156.67.222.217,121.125.77.69,80,SQL Injection,GET /gallog/view.php?amp;id=leagueoflegends1&amp;no=7284431&amp;page=6&amp;g_type=G&amp;s_tye=&amp;g_no=2678&g_id=hellky HTTP/1.0
2019-03-19 1:58,91.201.203.11,121.125.77.69,443,SQL Injection,GET /search/gall_content?keyword=SKY%20%EC%BA%90%EC%8A%AC&page=3 HTTP/1.1
2019-03-18 20:59,185.98.7.212,121.125.77.69,80,SQL Injection,GET /view.php?no=7471484&id=giants_new1 HTTP/1.1
2019-03-18 20:59,185.98.7.212,121.125.77.69,80,SQL Injection,GET /view.php?id=giants_new1&no=747148499999 HTTP/1.1
2019-03-18 6:29,145.239.236.163,121.125.77.69,80,SQL Injection,GET /contact/board_view?type=notice&nPage=1&num=156&keyword=99999 HTTP/1.1
2019-03-18 6:50,162.158.79.160,192.168.11.200,443,SQL Injection,GET /view.php?no=2009828%2F&id=game_mabinogi1 HTTP/1.0
2019-03-18 6:29,145.239.236.163,121.125.77.69,80,SQL Injection,GET /contact/board_view?type=notice&num=156&keyword=&nPage=1 HTTP/1.1
2019-03-18 6:29,145.239.236.163,121.125.77.69,80,SQL Injection,GET /contact/board_view?nPage=1&num=156&keyword=&type=notice HTTP/1.1
2019-03-18 6:50,172.68.65.71,192.168.11.200,443,SQL Injection,GET /viewimagePop.php?id=39a4c023e8dd37a8&no=24b0d769e1d32ca73cee86fa11d0283191de25edc716dfae8790c53e5e6fdc5e69bad41d73ec29c76ab857804571111aec2c6acfe81a01e12c7a66a6c665b5 HTTP/1.1
2019-03-18 3:10,107.161.177.114,121.125.77.51,80,SQL Injection,GET /board/apistogramma/9907?page=1&headid=20 HTTP/1.0
2019-03-17 22:20,109.237.140.36,121.125.77.69,80,SQL Injection,GET /board/apistogramma/9907?headid=20&page=199999 HTTP/1.1
2019-03-17 22:20,109.237.140.36,121.125.77.69,80,SQL Injection,GET /json0/mgallmain/mgallery_hot.php?_=1527855489561&jsoncallback=jQuery110105122503877321585_1527855489556 HTTP/1.0
2019-03-17 11:09,185.22.187.7,121.125.77.65,80,SQL Injection,GET /board/station/3825?headid=10 HTTP/1.1
2019-03-17 5:38,46.105.98.47,121.125.77.51,80,SQL Injection,GET /test.php?test=a HTTP/1.1
2019-03-17 5:37,46.105.98.47,121.125.77.51,80,SQL Injection,GET /contact/board_view?type=notice&nPage=1&num=156&keyword= HTTP/1.1
2019-03-17 5:38,46.105.98.47,121.125.77.51,80,SQL Injection,GET /contact/board_view?type=notice&nPage=1&keyword=&num=156 HTTP/1.1
2019-03-15 8:32,141.101.69.254,192.168.11.200,443,SQL Injection,GET /contact/board_view?nPage=1&num=156&keyword=&type=notice HTTP/1.1
2019-03-15 8:38,141.101.69.134,192.168.11.200,443,SQL Injection,GET /board/guildwars2/4030?recommend=1 HTTP/1.1
2019-03-15 7:49,62.109.28.128,121.125.77.69,443,SQL Injection,GET /view.php?id=cat&amp;no=843896&amp;page=1&amp;serVal=%EC%83%88%EB%B2%BD%EC%9D%B4&amp;s_type=subject_m&amp;ser_pos=-824819 HTTP/1.1
2019-03-15 2:38,178.21.20.209,121.125.77.69,80,SQL Injection,GET /board/soleaartist/840/?page=5&boardtype=I HTTP/1.0
2019-03-14 19:47,173.249.11.19,121.125.77.69,80,SQL Injection,GET /viewimagePop.php?id=3abcc425ed&f_no=7ce9837eb78461f738ed8ee7429f2e2da3ba&no=29bcc427b38277a16fb3dab004c86b6f9ffe8e39ccc271d5d8997398a2346c87517ef867044703c03ad79eda0319805c81df1a10a2e2d39f1aa79f9978b68517c499eaa2fa08 HTTP/1.1
2019-03-14 7:46,188.132.176.25,121.125.77.51,80,SQL Injection,GET /view.php?id=typemoon&no=1833694 HTTP/1.1
2019-03-13 23:31,192.154.230.36,121.125.77.69,80,SQL Injection,GET /api.php?action=query&list=allimages&aiprop=user%7Ctimestamp%7Curl&aisort=timestamp&aidir=older HTTP/1.1
2019-03-13 15:20,5.189.204.196,121.125.77.23,443,SQL Injection,GET /api.php?action=query&list=search&srsearch=1&srwhat=title&format=json&&srlimit=5&sroffset=0&utf8 HTTP/1.1
2019-03-13 3:22,112.213.89.79,121.125.77.65,80,SQL Injection,GET /json0/mgallmain/mgallery_hot.php?jsoncallback=jQuery110105122503877321585_1527855489556&_=1527855489561 HTTP/1.1
2019-03-13 1:10,115.126.197.18,121.125.77.69,80,SQL Injection,GET /api/gall_list_new.php?id=baseball_new7&page=1&app_id=Z1l2eUZ0aTA2cG5FcE04QURxZkJ1ZEkzdWhiMGI0VnZqcWxaOXdWcWJSYz0%3D&s_type=all&serVal=&confirm_id=WVVXdmcrWjk2bzArWmVSdXJOUHg3UVN0ZmlrUzlKSkpOTElsR1FHQjJFVT0%3D&hash=bm1VSHE0TEVycitBdEc4MzZGZUtNZz09 HTTP/1.1
2019-03-12 22:22,178.32.205.88,121.125.77.65,80,SQL Injection,GET /json0/mgallmain/mgallery_hot.php?jsoncallback=jQuery110105122503877321585_1527855489556&_=1527855489561999999.1 HTTP/1.1
2019-03-11 9:18,46.101.99.250,121.125.77.69,80,SQL Injection,GET /board/kurtzpel/340?boardtype=L&headid=0&page=2 HTTP/1.1
2019-03-11 9:18,46.101.99.250,121.125.77.69,80,SQL Injection,GET /board/kurtzpel/340?boardtype=L&page=2&headid=0 HTTP/1.1
2019-03-11 9:18,46.101.99.250,121.125.77.69,80,SQL Injection,GET /board/kurtzpel/340?headid=0&page=2&boardtype=L HTTP/1.0
2019-03-10 4:01,94.73.150.117,121.125.77.51,80,SQL Injection,GET /viewimagePop.php?amp;no=29bcc427b78a77a16fb3dab004c86b6fc3a0be4a5f9fd1a8cf7786569fce0c8793d1e85d1049a4d17ab076d2cd3ec1b939becac0fe58495ea72f35a919a33b9280aa0c6f657f53893bbe9ee3ca9f4a3eabcc573676&amp;f_no=a17d2cad2f1b782a995&id=warhammer HTTP/1.0
2019-03-10 2:30,180.76.252.49,121.125.77.69,80,SQL Injection,GET /board/special_forces/94678?recommend=1&page=4 HTTP/1.0
2019-03-10 2:29,180.76.252.49,121.125.77.69,80,SQL Injection,GET /board/special_forces/94678?page=4&recommend=1 HTTP/1.1
2019-03-10 2:30,180.76.252.49,121.125.77.69,80,SQL Injection,GET /view.php?id=baseball_new6&no=1171920999999.1 HTTP/1.1
2019-03-10 2:30,180.76.252.49,121.125.77.69,80,SQL Injection,GET /view.php?no=1171920&id=baseball_new6 HTTP/1.1
2019-03-10 2:29,180.76.252.49,121.125.77.69,80,SQL Injection,GET /view.php?id=baseball_new6&no=1171920 HTTP/1.1
2019-03-09 6:27,115.146.122.226,121.125.77.69,80,SQL Injection,GET /view.php?id=asmr&no=104 HTTP/1.1
2019-03-09 6:27,115.146.122.226,121.125.77.69,80,SQL Injection,GET /view.php?no=104&id=asmr HTTP/1.0
2019-03-09 0:21,108.167.189.45,121.125.77.69,80,SQL Injection,GET /view.php?no=104&id=asmr HTTP/1.0
2019-03-09 0:21,108.167.189.45,121.125.77.69,80,SQL Injection,GET /api.php?action=query&list=search&srsearch=1&srwhat=title&format=json&&srlimit=5&sroffset=0&utf8 HTTP/1.1
2019-03-09 0:21,108.167.189.45,121.125.77.69,80,SQL Injection,GET /list.php?id=europa HTTP/1.0
2019-03-08 22:41,89.19.29.189,121.125.77.69,80,SQL Injection,GET /view.php?id=news_new HTTP/1.1
2019-03-08 17:55,46.161.27.220,121.125.77.69,80,SQL Injection,GET /view.php?id=news_new&no=3295398 HTTP/1.1
2019-03-08 17:55,46.161.27.220,121.125.77.69,80,SQL Injection,GET /srch.php?word=everlasting HTTP/1.1
2019-03-07 22:02,176.121.14.183,121.125.77.24,80,SQL Injection,GET /index.php?title=%EB%8C%80%EB%AC%B8&oldid=2344358&mobileaction=toggle_view_mobile&mobileaction=toggle_view_desktop HTTP/1.1
2019-03-07 3:19,204.42.255.254,121.125.77.23,443,SQL Injection,GET /view.php?id=fortniteroyale&page=1&no=302 HTTP/1.1
2019-03-07 3:59,139.199.131.146,121.125.77.69,80,SQL Injection,GET /index.php?title=%EB%8C%80%EB%AC%B8&oldid=2344358&mobileaction=toggle_view_mobile&mobileaction=toggle_view_desktop HTTP/1.1
2019-03-07 3:21,112.91.254.6,121.125.77.23,443,SQL Injection,GET /auth/?command=attach&broker=dcinside&token=5y25hrt1sxkw4o0w0osg4s0wo&checksum=685d7b84649fb205fc899c72cf00ee2fe8fb1fc83d4bb6c8e2ee92ac678ec91d&no=476&page=&return_url=https%3A%2F%2Fevent.dcinside.com%2Fview%2F%3Fno%3D476 HTTP/1.1
2019-03-07 3:21,112.91.254.6,121.125.77.23,443,SQL Injection,GET /index.php?title=%EB%8C%80%EB%AC%B8&printable=yes&mobileaction=toggle_view_mobile&mobileaction=toggle_view_desktop HTTP/1.1
2019-03-07 3:26,91.234.197.43,121.125.77.52,443,SQL Injection,GET /view.php?no=302&page=1&id=fortniteroyale HTTP/1.0
2019-03-07 3:25,91.234.197.43,121.125.77.52,443,SQL Injection,GET /view.php?id=fortniteroyale&no=302&page=1 HTTP/1.1
2019-03-07 3:59,139.199.131.146,121.125.77.69,80,SQL Injection,GET /index.php?title=%EB%A3%A8%ED%81%AC_%ED%8E%98%EB%A6%AC&action=edit&redlink=1 HTTP/1.1
2019-03-07 3:16,95.110.190.163,121.125.77.23,80,SQL Injection,GET /auth/?command=attach&broker=dcinside&token=ennl8i2emfscgokw08gwso84w&checksum=2dbc559683fde2d51b47803798b1201dc60e61eaa8f6134996a442ec25aae020&no=476&page=&return_url=https%3A%2F%2Fevent.dcinside.com%2Fview%2F%3Fno%3D476 HTTP/1.1
2019-03-07 3:25,91.234.197.43,121.125.77.52,443,SQL Injection,GET /index.php?title=%EB%8C%80%EB%AC%B8&printable=yes&mobileaction=toggle_view_mobile&mobileaction=toggle_view_desktop HTTP/1.1
2019-03-07 2:46,95.216.191.254,121.125.77.23,443,SQL Injection,GET /api/gall_list_new.php?id=lovelyz&page=1&app_id=UGsydk9OaW1uQjlocXBYZERmWkdONjE0eXZkMDhlTCtaOTFaZXFiVUhlZz0%3D&s_type=all&serVal=&hash=QndEWUtZeGpCR2VGWjhRQlpLbWpYUT09 HTTP/1.1
2019-03-07 0:21,107.173.143.130,121.125.77.69,80,SQL Injection,GET /json1/top.recom.json.mainc.pc.php?_=1505764253870&jsoncallback=jQuery17201649566658861552_1505764252807 HTTP/1.0
2019-03-06 21:46,77.81.191.134,121.125.77.23,80,SQL Injection,GET /download.php?no=24b0d769e1d32ca73cef83fa11d02831a8a78790708c2166b82f7ce95c9030b5cc52d56ed1fec8d2a86745d6f1795be84d6c69389e59cbe4fd429cd2&f_no=7dea8171da5fd96be262223ed72d6a17433b HTTP/1.1
2019-03-05 9:00,163.172.111.166,121.125.77.69,80,SQL Injection,GET /list.php?s_type=search_name&s_keyword=&g_s1=1&g_s2=&g_s3=&id=kyungho HTTP/1.0
2019-03-05 9:00,163.172.111.166,121.125.77.69,80,SQL Injection,GET /list.php?id=kyungho&s_type=search_name&s_keyword=&g_s1=1&g_s2=&g_s3= HTTP/1.1
2019-03-05 9:16,213.251.182.114,121.125.77.69,80,SQL Injection,GET /view.php?id=pridepc_new&no=215899 HTTP/1.1
2019-03-05 9:00,163.172.111.166,121.125.77.69,80,SQL Injection,GET /list.php?id=kyungho&s_type=search_name&s_keyword=&g_s1=1&g_s2=&g_s3= HTTP/1.1
2019-03-05 9:16,213.251.182.114,121.125.77.69,80,SQL Injection,GET /view.php?id=pridepc_new&no=215899 HTTP/1.1
2019-03-05 9:00,163.172.111.166,121.125.77.69,80,SQL Injection,GET /list.php?id=kyungho&s_type=search_name&s_keyword=&g_s1=1&g_s3=&g_s2= HTTP/1.1
2019-03-05 1:16,188.165.229.57,121.125.77.69,80,SQL Injection,GET /view.php?no=30666&page=9460&id=coin HTTP/1.1
2019-03-04 12:01,1.53.252.205,121.125.77.69,80,SQL Injection,GET /list.php?id=mq HTTP/1.1
2019-03-04 11:45,94.20.94.140,121.125.77.69,80,SQL Injection,GET /view.php?id=bitcoins&no=2360384&recommend=1&page=1 HTTP/1.1
2019-03-04 11:45,94.20.94.140,121.125.77.69,80,SQL Injection,GET /view.php?id=bitcoins&page=1&recommend=1&no=2360384 HTTP/1.1
2019-03-04 11:45,94.20.94.140,121.125.77.69,80,SQL Injection,GET /view.php?id=bitcoins&no=2360384&page=1&recommend=1 HTTP/1.1
2019-03-04 2:54,185.191.228.90,121.125.77.69,80,SQL Injection,GET /view.php?amp;no=3706770&amp;page=1&amp;recommend=1&id=baseball_new7 HTTP/1.0
2019-03-04 2:54,185.191.228.90,121.125.77.69,80,SQL Injection,GET /view.php?id=baseball_new7&no=3706770&recommend=1&page=1 HTTP/1.1
2019-03-04 2:54,185.191.228.90,121.125.77.69,80,SQL Injection,GET /view.php?id=baseball_new7&no=3706770&recommend=1&page=1 HTTP/1.1
2019-03-04 2:54,185.191.228.90,121.125.77.69,80,SQL Injection,GET /view.php?amp;no=3706770&amp;page=1&amp;recommend=1&id=baseball_new HTTP/1.0
2019-03-04 2:54,185.191.228.90,121.125.77.69,80,SQL Injection,GET /view.php?id=baseball_new7&no=3706770&page=1&recommend= HTTP/1.1
2019-03-04 2:53,185.191.228.90,121.125.77.69,80,SQL Injection,GET /view.php?id=baseball_new7&page=1&recommend=1&no=3706770 HTTP/1.1
2019-03-04 0:53,141.101.77.235,192.168.11.200,443,SQL Injection,GET /contact/board_view?num=1&type=notice HTTP/1.1
2019-03-03 16:35,139.150.249.83,121.125.77.48,80,SQL Injection,GET /viewimage.php?id=34b2de35e0db2da867a9d3a705d83024&amp;no=24b0d769e1d32ca73cef81fa11d0283127709d21227bb049fff2f62433c9353b32ab6993b67176680e4c32e7290d8f08a19859c225c8e729aab8059ffb4ea75ac42fa101c8913e HTTP/1.1
2019-03-03 16:35,139.150.249.83,121.125.77.48,80,SQL Injection,GET /viewimage.php?amp;no=24b0d769e1d32ca73cef81fa11d0283127709d21227bb049fff2f62433c9353b32ab6993b67176680e4c32e7290d8f08a19859c225c8e729aab8059ffb4ea75ac42fa101c8913e&id=34b2de35e0db2da867a9d3a705d83024 HTTP/1.0
2019-03-02 23:04,36.235.150.208,121.125.77.69,80,SQL Injection,GET /view.php?id=drama_new2&no=3376163 HTTP/1.1
2019-03-02 23:04,36.235.150.208,121.125.77.69,80,SQL Injection,GET /view.php?no=3376163&id=drama_new2 HTTP/1.1
2019-03-02 23:04,36.235.150.208,121.125.77.69,80,SQL Injection,GET /view.php?id=drama_new2&no=3376163 HTTP/1.1
2019-03-02 23:04,36.235.150.208,121.125.77.69,80,SQL Injection,GET /view.php?no=3376163&id=drama_new2 HTTP/1.1
2019-03-02 19:18,185.90.160.35,121.125.77.69,80,SQL Injection,GET /list.php?id=exam_new HTTP/1.1
2019-03-02 17:06,162.158.89.144,192.168.11.200,443,SQL Injection,GET /contact/board?type= HTTP/1.1
2019-03-02 17:06,162.158.92.165,192.168.11.200,443,SQL Injection,GET /assets/js/jquery-ui/jquery-ui-1.12.1.custom/?radio= HTTP/1.1
2019-03-02 17:06,162.158.93.188,192.168.11.200,443,SQL Injection,GET /account/symbols?symbol= HTTP/1.1
2019-03-02 17:06,162.158.90.41,192.168.11.200,443,SQL Injection,GET /contact/board?type= HTTP/1.1
2019-03-02 17:07,162.158.88.199,192.168.11.200,443,SQL Injection,GET /account/history?from=1520409677&resolution=&to=1551513737 HTTP/1.1
2019-03-02 17:06,162.158.90.89,192.168.11.200,443,SQL Injection,GET /assets/fontello/font/fontello.woff2? HTTP/1.1
2019-03-02 17:06,162.158.92.3,192.168.11.200,443,SQL Injection,GET /account/history?from=&to=1551513770 HTTP/1.1
2019-03-02 17:08,162.158.89.192,192.168.11.200,443,SQL Injection,GET /account/history?from=1395993787&resolution=D&symbol=&to=1520409709 HTTP/1.1
2019-03-02 11:03,160.153.198.22,121.125.77.69,80,SQL Injection,GET /board/drama_new2?page=8 HTTP/1.1
2019-03-02 11:28,66.147.244.188,121.125.77.69,80,SQL Injection,GET /view.php?id=coin&page=9460&no=30666 HTTP/1.1
2019-03-02 11:01,160.153.198.22,121.125.77.69,80,SQL Injection,GET /board/drama_new2?page=8%20and%201%3D1 HTTP/1.1
2019-03-02 11:01,160.153.198.22,121.125.77.69,80,SQL Injection,GET /board/drama_new2?page=8%20and%201%3E1 HTTP/1.1
2019-03-02 5:59,82.100.220.50,121.125.77.65,80,SQL Injection,GET /json1/top.recom.json.mainl.pc.php?jsoncallback=jQuery18304495175012641066_1529694421892&_=1529694423065 HTTP/1.1
2019-03-02 1:30,199.250.223.134,121.125.77.69,80,SQL Injection,GET /view.php?no=47289&id=special_forces HTTP/1.1
2019-03-01 16:27,95.140.123.130,121.125.77.69,80,SQL Injection,GET /list.php?id=1 HTTP/1.1
2019-03-01 14:15,195.228.155.67,121.125.77.69,80,SQL Injection,GET /board/mtg/33382?headid=30&page=299999 HTTP/1.1
2019-03-01 14:14,195.228.155.67,121.125.77.69,80,SQL Injection,GET /board/mtg/33382?page=2&headid=30 HTTP/1.0
2019-03-01 11:08,36.235.129.88,121.125.77.69,80,SQL Injection,GET /view.php?page=&id=nba&no=1179388 HTTP/1.1
2019-03-01 11:08,36.235.129.88,121.125.77.69,80,SQL Injection,GET /view.php?id=nba&no=1179388&page=3 HTTP/1.1
2019-03-01 11:08,36.235.129.88,121.125.77.69,80,SQL Injection,GET /view.php?page=&id=nba&no=1179388 HTTP/1.1
2019-03-01 8:45,185.220.101.24,121.125.77.69,443,SQL Injection,GET /list.php?id=strongest&recommend=1 HTTP/1.1
2019-02-28 22:16,123.30.191.186,121.125.77.69,80,SQL Injection,GET /board/drama_new2?page=8 HTTP/1.0
2019-02-28 21:25,45.227.255.37,121.125.77.69,80,SQL Injection,GET /auth/login?r_url=http%3A%2F%2Fm.dcinside.com HTTP/1.1
2019-02-28 16:31,173.239.8.209,121.125.77.65,80,SQL Injection,GET /json0/mgallmain/mgallery_hot.php?jsoncallback=jQuery110105122503877321585_1527855489556&_=152785548956199999 HTTP/1.1
2019-02-28 11:28,36.234.153.234,121.125.77.23,80,SQL Injection,GET /index.php?title=%ED%8B%80:2017_%ED%9B%84%EC%BF%A0%EC%98%A4%EC%B9%B4_%EC%86%8C%ED%94%84%ED%8A%B8%EB%B1%85%ED%81%AC_%ED%98%B8%ED%81%AC%EC%8A%A4_%EB%B0%9C%EC%95%94_%EB%AC%BC%EC%A7%88&mobileaction=toggle_view_mobile&mobileaction=toggle_view_desktop HTTP/1.1
2019-02-28 11:28,36.234.153.234,121.125.77.23,80,SQL Injection,GET /index.php?mobileaction=toggle_view_desktop&title=%ED%8B%80:2017_%ED%9B%84%EC%BF%A0%EC%98%A4%EC%B9%B4_%EC%86%8C%ED%94%84%ED%8A%B8%EB%B1%85%ED%81%AC_%ED%98%B8%ED%81%AC%EC%8A%A4_%EB%B0%9C%EC%95%94_%EB%AC%BC%EC%A7%88&mobileaction=toggle_view_mobile HTTP/1.1
2019-02-27 21:07,119.29.120.50,121.125.77.65,80,SQL Injection,GET /json1/top.recom.json.mainl.pc.php?jsoncallback=jQuery18304495175012641066_1529694421892&_=1529694423065 HTTP/1.1
2019-02-27 19:14,217.25.40.23,121.125.77.69,80,SQL Injection,GET /view.php?no=48007&id=knife HTTP/1.1
2019-02-27 19:14,217.25.40.23,121.125.77.69,80,SQL Injection,GET /view.php?id=knife&no=48007 HTTP/1.1
2019-02-27 19:38,103.67.235.46,121.125.77.69,80,SQL Injection,GET /view.php?id=hearthstone&no=654294 HTTP/1.1
2019-02-27 17:11,77.92.158.55,121.125.77.51,80,SQL Injection,GET /viewimagePop.php?amp;no=&amp;f_no=&id= HTTP/1.0
2019-02-27 17:11,77.92.158.55,121.125.77.51,80,SQL Injection,GET /viewimagePop.php?id=&amp;no=&amp;f_no= HTTP/1.1
2019-02-27 14:16,35.202.216.83,121.125.77.69,80,SQL Injection,GET /view.php?no=212764&page=583&exception_mode=recommend&id=sphero HTTP/1.1
2019-02-26 10:57,1.165.158.151,121.125.77.69,80,SQL Injection,GET /view.php?id=elsword&no=5443490 HTTP/1.1
2019-02-25 9:31,121.125.60.141,121.125.77.23,443,SQL Injection,GET /api.php?action=query&list=search&srsearch=1&srwhat=title&format=json&&srlimit=5&sroffset=0&utf8 HTTP/1.1
2019-02-25 6:38,119.27.188.31,121.125.77.69,80,SQL Injection,GET /view.php?id=bitcoins&no=2360384&page=1&recommend=199999 HTTP/1.1
2019-02-25 5:06,121.125.60.141,121.125.77.23,443,SQL Injection,GET /api.php?action=query&list=search&srsearch=&srwhat=title&format=json&&srlimit=5&sroffset=0&utf8 HTTP/1.1
2019-02-24 16:04,141.101.77.97,192.168.11.200,443,SQL Injection,GET /contact/dfv?num=1&type=notice HTTP/1.1
2019-02-22 7:41,92.63.107.164,121.125.77.65,80,SQL Injection,GET /recom_new/json.subt.webtoon.php?_=1468943086648&jsoncallback=jQuery110107043059279676527_1468943086647 HTTP/1.0
2019-02-22 2:13,81.177.139.181,121.125.77.69,80,SQL Injection,GET /list.php?id=dmk&page=1&recommend= HTTP/1.1
2019-02-21 2:42,45.64.130.212,121.125.77.23,80,SQL Injection,GET /index.php?redirect=no&title=%ED%83%80%EC%BF%A0%EB%A7%88_%EC%82%AC%EC%B9%B4%EC%9E%90%ED%82%A4 HTTP/1.1
2019-02-20 6:53,157.230.97.97,121.125.77.62,80,SQL Injection,GET /upimg_file.php?id=fcseoul HTTP/1.1
